,Country,Year,Age,Employment Gap in %,Employed Persons in Thousands
0,Austria,2009,Y15-24,0.06,525
1,Austria,2010,Y15-24,0.08,519
2,Austria,2011,Y15-24,0.08,528
3,Austria,2012,Y15-24,0.07,527
4,Austria,2013,Y15-24,0.06,521
5,Austria,2014,Y15-24,0.04,508
6,Austria,2015,Y15-24,0.05,500
7,Austria,2016,Y15-24,0.04,501
8,Austria,2017,Y15-24,0.03,484
9,Austria,2018,Y15-24,0.05,481
10,Austria,2019,Y15-24,0.07,473
11,Austria,2020,Y15-24,0.05,450
12,Austria,2021,Y15-24,0.09,449
13,Belgium,2009,Y15-24,0.04,331
14,Belgium,2010,Y15-24,0.04,332
15,Belgium,2011,Y15-24,0.04,344
16,Belgium,2012,Y15-24,0.05,335
17,Belgium,2013,Y15-24,0.03,313
18,Belgium,2014,Y15-24,0.02,306
19,Belgium,2015,Y15-24,0.03,308
20,Belgium,2016,Y15-24,0.03,297
21,Belgium,2017,Y15-24,0.03,293
22,Belgium,2018,Y15-24,0.02,322
23,Belgium,2019,Y15-24,0.01,343
24,Belgium,2020,Y15-24,0.03,310
25,Belgium,2021,Y15-24,0.02,324
26,Bulgaria,2009,Y15-24,0.1,223
27,Bulgaria,2010,Y15-24,0.09,204
28,Bulgaria,2011,Y15-24,0.09,177
29,Bulgaria,2012,Y15-24,0.09,166
30,Bulgaria,2013,Y15-24,0.08,153
31,Bulgaria,2014,Y15-24,0.09,142
32,Bulgaria,2015,Y15-24,0.1,134
33,Bulgaria,2016,Y15-24,0.09,124
34,Bulgaria,2017,Y15-24,0.1,139
35,Bulgaria,2018,Y15-24,0.1,122
36,Bulgaria,2019,Y15-24,0.09,125
37,Bulgaria,2020,Y15-24,0.08,107
38,Bulgaria,2021,Y15-24,0.07,104
39,Cyprus,2009,Y15-24,0.03,35
40,Cyprus,2010,Y15-24,0.01,35
41,Cyprus,2011,Y15-24,0.03,31
42,Cyprus,2012,Y15-24,0.04,30
43,Cyprus,2013,Y15-24,0.01,25
44,Cyprus,2014,Y15-24,0.0,27
45,Cyprus,2015,Y15-24,-0.03,25
46,Cyprus,2016,Y15-24,0.0,25
47,Cyprus,2017,Y15-24,-0.07,27
48,Cyprus,2018,Y15-24,-0.08,30
49,Cyprus,2019,Y15-24,-0.04,30
50,Cyprus,2020,Y15-24,-0.02,29
51,Cyprus,2021,Y15-24,0.03,32
52,Czech Republic,2009,Y15-24,0.09,353
53,Czech Republic,2010,Y15-24,0.09,327
54,Czech Republic,2011,Y15-24,0.09,303
55,Czech Republic,2012,Y15-24,0.08,301
56,Czech Republic,2013,Y15-24,0.09,294
57,Czech Republic,2014,Y15-24,0.1,300
58,Czech Republic,2015,Y15-24,0.1,303
59,Czech Republic,2016,Y15-24,0.11,295
60,Czech Republic,2017,Y15-24,0.1,291
61,Czech Republic,2018,Y15-24,0.08,277
62,Czech Republic,2019,Y15-24,0.08,270
63,Czech Republic,2020,Y15-24,0.1,242
64,Czech Republic,2021,Y15-24,0.09,242
65,Germany,2009,Y15-24,0.03,4187
66,Germany,2010,Y15-24,0.03,3996
67,Germany,2011,Y15-24,0.03,4118
68,Germany,2012,Y15-24,0.04,3976
69,Germany,2013,Y15-24,0.03,3948
70,Germany,2014,Y15-24,0.03,3848
71,Germany,2015,Y15-24,0.03,3748
72,Germany,2016,Y15-24,0.02,3839
73,Germany,2017,Y15-24,0.02,3897
74,Germany,2018,Y15-24,0.03,3926
75,Germany,2019,Y15-24,0.04,4023
76,Germany,2020,Y15-24,0.04,3979
77,Germany,2021,Y15-24,0.05,4030
78,Denmark,2009,Y15-24,-0.01,386
79,Denmark,2010,Y15-24,-0.04,364
80,Denmark,2011,Y15-24,-0.02,365
81,Denmark,2012,Y15-24,-0.01,359
82,Denmark,2013,Y15-24,-0.03,352
83,Denmark,2014,Y15-24,-0.02,358
84,Denmark,2015,Y15-24,-0.02,371
85,Denmark,2016,Y15-24,-0.05,381
86,Denmark,2017,Y15-24,-0.02,386
87,Denmark,2018,Y15-24,-0.03,390
88,Denmark,2019,Y15-24,-0.02,396
89,Denmark,2020,Y15-24,-0.02,379
90,Denmark,2021,Y15-24,0.01,379
91,Estonia,2009,Y15-24,0.03,53
92,Estonia,2010,Y15-24,0.01,46
93,Estonia,2011,Y15-24,0.04,53
94,Estonia,2012,Y15-24,0.03,53
95,Estonia,2013,Y15-24,0.03,50
96,Estonia,2014,Y15-24,-0.01,48
97,Estonia,2015,Y15-24,0.04,47
98,Estonia,2016,Y15-24,-0.01,48
99,Estonia,2017,Y15-24,0.0,49
100,Estonia,2018,Y15-24,0.01,50
101,Estonia,2019,Y15-24,0.01,47
102,Estonia,2020,Y15-24,0.01,42
103,Estonia,2021,Y15-24,-0.01,41
104,Greece,2009,Y15-24,0.1,282
105,Greece,2010,Y15-24,0.09,240
106,Greece,2011,Y15-24,0.07,187
107,Greece,2012,Y15-24,0.06,147
108,Greece,2013,Y15-24,0.06,132
109,Greece,2014,Y15-24,0.05,148
110,Greece,2015,Y15-24,0.05,144
111,Greece,2016,Y15-24,0.04,140
112,Greece,2017,Y15-24,0.03,152
113,Greece,2018,Y15-24,0.05,149
114,Greece,2019,Y15-24,0.04,154
115,Greece,2020,Y15-24,0.04,135
116,Greece,2021,Y15-24,0.05,140
117,Spain,2009,Y15-24,0.02,1397
118,Spain,2010,Y15-24,0.02,1210
119,Spain,2011,Y15-24,0.0,1042
120,Spain,2012,Y15-24,0.0,853
121,Spain,2013,Y15-24,0.01,763
122,Spain,2014,Y15-24,0.01,749
123,Spain,2015,Y15-24,0.02,803
124,Spain,2016,Y15-24,0.02,820
125,Spain,2017,Y15-24,0.01,921
126,Spain,2018,Y15-24,0.03,989
127,Spain,2019,Y15-24,0.04,1039
128,Spain,2020,Y15-24,0.03,884
129,Spain,2021,Y15-24,0.03,995
130,European Union,2009,Y15-24,0.05,16940
131,European Union,2010,Y15-24,0.05,15992
132,European Union,2011,Y15-24,0.05,15561
133,European Union,2012,Y15-24,0.04,14882
134,European Union,2013,Y15-24,0.04,14434
135,European Union,2014,Y15-24,0.04,14294
136,European Union,2015,Y15-24,0.04,14357
137,European Union,2016,Y15-24,0.04,14603
138,European Union,2017,Y15-24,0.04,14971
139,European Union,2018,Y15-24,0.04,15253
140,European Union,2019,Y15-24,0.05,15461
141,European Union,2020,Y15-24,0.05,14513
142,European Union,2021,Y15-24,0.05,15072
143,Finland,2009,Y15-24,-0.02,250
144,Finland,2010,Y15-24,0.0,245
145,Finland,2011,Y15-24,0.0,254
146,Finland,2012,Y15-24,0.0,264
147,Finland,2013,Y15-24,-0.03,261
148,Finland,2014,Y15-24,-0.03,261
149,Finland,2015,Y15-24,-0.04,249
150,Finland,2016,Y15-24,-0.03,256
151,Finland,2017,Y15-24,-0.01,260
152,Finland,2018,Y15-24,-0.03,262
153,Finland,2019,Y15-24,0.0,263
154,Finland,2020,Y15-24,0.0,241
155,Finland,2021,Y15-24,0.0,259
156,France,2009,Y15-24,0.05,2300
157,France,2010,Y15-24,0.08,2262
158,France,2011,Y15-24,0.07,2206
159,France,2012,Y15-24,0.07,2114
160,France,2013,Y15-24,0.07,2094
161,France,2014,Y15-24,0.06,2071
162,France,2015,Y15-24,0.05,2098
163,France,2016,Y15-24,0.05,2100
164,France,2017,Y15-24,0.06,2166
165,France,2018,Y15-24,0.06,2259
166,France,2019,Y15-24,0.05,2265
167,France,2020,Y15-24,0.06,2192
168,France,2021,Y15-24,0.03,2465
169,Croatia,2009,Y15-24,0.1,140
170,Croatia,2010,Y15-24,0.08,123
171,Croatia,2011,Y15-24,0.07,104
172,Croatia,2012,Y15-24,0.05,87
173,Croatia,2013,Y15-24,0.05,74
174,Croatia,2014,Y15-24,0.06,90
175,Croatia,2015,Y15-24,0.06,92
176,Croatia,2016,Y15-24,0.07,121
177,Croatia,2017,Y15-24,0.08,121
178,Croatia,2018,Y15-24,0.1,117
179,Croatia,2019,Y15-24,0.11,124
180,Croatia,2020,Y15-24,0.13,113
181,Croatia,2021,Y15-24,0.11,111
182,Hungary,2009,Y15-24,0.03,226
183,Hungary,2010,Y15-24,0.02,224
184,Hungary,2011,Y15-24,0.03,218
185,Hungary,2012,Y15-24,0.02,220
186,Hungary,2013,Y15-24,0.05,236
187,Hungary,2014,Y15-24,0.05,269
188,Hungary,2015,Y15-24,0.04,287
189,Hungary,2016,Y15-24,0.06,307
190,Hungary,2017,Y15-24,0.07,310
191,Hungary,2018,Y15-24,0.07,307
192,Hungary,2019,Y15-24,0.08,293
193,Hungary,2020,Y15-24,0.06,278
194,Hungary,2021,Y15-24,0.07,270
195,Ireland,2009,Y15-24,-0.05,291
196,Ireland,2010,Y15-24,-0.04,236
197,Ireland,2011,Y15-24,-0.04,209
198,Ireland,2012,Y15-24,-0.05,197
199,Ireland,2013,Y15-24,-0.01,206
200,Ireland,2014,Y15-24,0.0,209
201,Ireland,2015,Y15-24,0.01,216
202,Ireland,2016,Y15-24,0.0,242
203,Ireland,2017,Y15-24,0.0,235
204,Ireland,2018,Y15-24,0.02,244
205,Ireland,2019,Y15-24,0.0,255
206,Ireland,2020,Y15-24,0.01,226
207,Ireland,2021,Y15-24,0.0,273
208,Italy,2009,Y15-24,0.09,1283
209,Italy,2010,Y15-24,0.08,1208
210,Italy,2011,Y15-24,0.07,1148
211,Italy,2012,Y15-24,0.07,1104
212,Italy,2013,Y15-24,0.05,972
213,Italy,2014,Y15-24,0.05,921
214,Italy,2015,Y15-24,0.07,917
215,Italy,2016,Y15-24,0.05,966
216,Italy,2017,Y15-24,0.06,992
217,Italy,2018,Y15-24,0.07,1019
218,Italy,2019,Y15-24,0.06,1061
219,Italy,2020,Y15-24,0.07,959
220,Italy,2021,Y15-24,0.07,1012
221,Lithuania,2009,Y15-24,0.01,98
222,Lithuania,2010,Y15-24,0.02,84
223,Lithuania,2011,Y15-24,0.04,81
224,Lithuania,2012,Y15-24,0.03,88
225,Lithuania,2013,Y15-24,0.06,98
226,Lithuania,2014,Y15-24,0.07,107
227,Lithuania,2015,Y15-24,0.05,105
228,Lithuania,2016,Y15-24,0.04,105
229,Lithuania,2017,Y15-24,0.04,98
230,Lithuania,2018,Y15-24,0.03,98
231,Lithuania,2019,Y15-24,0.01,95
232,Lithuania,2020,Y15-24,0.02,83
233,Lithuania,2021,Y15-24,0.04,86
234,Luxembourg,2009,Y15-24,0.05,15
235,Luxembourg,2010,Y15-24,0.02,12
236,Luxembourg,2011,Y15-24,0.05,12
237,Luxembourg,2012,Y15-24,0.03,13
238,Luxembourg,2013,Y15-24,0.05,13
239,Luxembourg,2014,Y15-24,0.03,12
240,Luxembourg,2015,Y15-24,0.0,19
241,Luxembourg,2016,Y15-24,-0.01,17
242,Luxembourg,2017,Y15-24,0.03,18
243,Luxembourg,2018,Y15-24,0.0,20
244,Luxembourg,2019,Y15-24,0.05,20
245,Luxembourg,2020,Y15-24,0.01,18
246,Luxembourg,2021,Y15-24,0.01,21
247,Latvia,2009,Y15-24,0.05,87
248,Latvia,2010,Y15-24,0.02,75
249,Latvia,2011,Y15-24,0.05,71
250,Latvia,2012,Y15-24,0.07,72
251,Latvia,2013,Y15-24,0.06,71
252,Latvia,2014,Y15-24,0.08,69
253,Latvia,2015,Y15-24,0.05,69
254,Latvia,2016,Y15-24,0.02,62
255,Latvia,2017,Y15-24,0.04,59
256,Latvia,2018,Y15-24,0.05,57
257,Latvia,2019,Y15-24,0.04,54
258,Latvia,2020,Y15-24,0.06,50
259,Latvia,2021,Y15-24,0.04,48
260,Malta,2009,Y15-24,0.04,25
261,Malta,2010,Y15-24,0.04,25
262,Malta,2011,Y15-24,0.06,25
263,Malta,2012,Y15-24,0.05,24
264,Malta,2013,Y15-24,0.03,26
265,Malta,2014,Y15-24,-0.01,26
266,Malta,2015,Y15-24,0.02,25
267,Malta,2016,Y15-24,0.06,25
268,Malta,2017,Y15-24,0.02,25
269,Malta,2018,Y15-24,-0.02,27
270,Malta,2019,Y15-24,0.0,27
271,Malta,2020,Y15-24,0.0,25
272,Malta,2021,Y15-24,-0.02,25
273,Netherlands,2009,Y15-24,-0.05,1416
274,Netherlands,2010,Y15-24,-0.06,1378
275,Netherlands,2011,Y15-24,-0.07,1392
276,Netherlands,2012,Y15-24,-0.06,1396
277,Netherlands,2013,Y15-24,-0.06,1385
278,Netherlands,2014,Y15-24,-0.04,1362
279,Netherlands,2015,Y15-24,-0.06,1405
280,Netherlands,2016,Y15-24,-0.07,1416
281,Netherlands,2017,Y15-24,-0.06,1460
282,Netherlands,2018,Y15-24,-0.07,1503
283,Netherlands,2019,Y15-24,-0.06,1541
284,Netherlands,2020,Y15-24,-0.06,1488
285,Netherlands,2021,Y15-24,-0.05,1520
286,Poland,2009,Y15-24,0.07,1368
287,Poland,2010,Y15-24,0.08,1307
288,Poland,2011,Y15-24,0.09,1186
289,Poland,2012,Y15-24,0.08,1132
290,Poland,2013,Y15-24,0.09,1069
291,Poland,2014,Y15-24,0.08,1094
292,Poland,2015,Y15-24,0.09,1077
293,Poland,2016,Y15-24,0.08,1125
294,Poland,2017,Y15-24,0.08,1124
295,Poland,2018,Y15-24,0.07,1131
296,Poland,2019,Y15-24,0.07,1120
297,Poland,2020,Y15-24,0.08,973
298,Poland,2021,Y15-24,0.09,929
299,Portugal,2009,Y15-24,0.04,366
300,Portugal,2010,Y15-24,0.04,327
301,Portugal,2011,Y15-24,0.04,303
302,Portugal,2012,Y15-24,0.03,257
303,Portugal,2013,Y15-24,0.03,238
304,Portugal,2014,Y15-24,0.01,246
305,Portugal,2015,Y15-24,0.02,250
306,Portugal,2016,Y15-24,0.03,261
307,Portugal,2017,Y15-24,0.04,282
308,Portugal,2018,Y15-24,0.04,296
309,Portugal,2019,Y15-24,0.05,304
310,Portugal,2020,Y15-24,0.04,256
311,Portugal,2021,Y15-24,0.05,250
312,Romania,2009,Y15-24,0.08,557
313,Romania,2010,Y15-24,0.07,483
314,Romania,2011,Y15-24,0.06,467
315,Romania,2012,Y15-24,0.07,460
316,Romania,2013,Y15-24,0.08,427
317,Romania,2014,Y15-24,0.07,403
318,Romania,2015,Y15-24,0.09,427
319,Romania,2016,Y15-24,0.08,389
320,Romania,2017,Y15-24,0.06,428
321,Romania,2018,Y15-24,0.08,430
322,Romania,2019,Y15-24,0.09,423
323,Romania,2020,Y15-24,0.09,418
324,Romania,2021,Y15-24,0.1,427
325,Sweden,2009,Y15-24,-0.01,474
326,Sweden,2010,Y15-24,-0.01,487
327,Sweden,2011,Y15-24,0.0,514
328,Sweden,2012,Y15-24,-0.02,501
329,Sweden,2013,Y15-24,-0.03,513
330,Sweden,2014,Y15-24,-0.03,519
331,Sweden,2015,Y15-24,-0.03,524
332,Sweden,2016,Y15-24,-0.03,524
333,Sweden,2017,Y15-24,-0.02,525
334,Sweden,2018,Y15-24,-0.03,519
335,Sweden,2019,Y15-24,-0.02,511
336,Sweden,2020,Y15-24,0.0,460
337,Sweden,2021,Y15-24,-0.02,468
338,Slovenia,2009,Y15-24,0.08,84
339,Slovenia,2010,Y15-24,0.08,78
340,Slovenia,2011,Y15-24,0.09,70
341,Slovenia,2012,Y15-24,0.07,58
342,Slovenia,2013,Y15-24,0.06,55
343,Slovenia,2014,Y15-24,0.05,53
344,Slovenia,2015,Y15-24,0.05,58
345,Slovenia,2016,Y15-24,0.05,55
346,Slovenia,2017,Y15-24,0.08,65
347,Slovenia,2018,Y15-24,0.08,65
348,Slovenia,2019,Y15-24,0.07,62
349,Slovenia,2020,Y15-24,0.05,51
350,Slovenia,2021,Y15-24,0.05,60
351,Slovakia,2009,Y15-24,0.08,187
352,Slovakia,2010,Y15-24,0.06,165
353,Slovakia,2011,Y15-24,0.1,151
354,Slovakia,2012,Y15-24,0.08,147
355,Slovakia,2013,Y15-24,0.07,145
356,Slovakia,2014,Y15-24,0.1,149
357,Slovakia,2015,Y15-24,0.1,155
358,Slovakia,2016,Y15-24,0.13,161
359,Slovakia,2017,Y15-24,0.1,165
360,Slovakia,2018,Y15-24,0.13,162
361,Slovakia,2019,Y15-24,0.13,142
362,Slovakia,2020,Y15-24,0.11,126
363,Slovakia,2021,Y15-24,0.1,113
364,Austria,2009,Y15-29,0.07,957
365,Austria,2010,Y15-29,0.08,955
366,Austria,2011,Y15-29,0.08,967
367,Austria,2012,Y15-29,0.07,970
368,Austria,2013,Y15-29,0.06,962
369,Austria,2014,Y15-29,0.04,949
370,Austria,2015,Y15-29,0.04,954
371,Austria,2016,Y15-29,0.04,974
372,Austria,2017,Y15-29,0.03,958
373,Austria,2018,Y15-29,0.06,958
374,Austria,2019,Y15-29,0.07,955
375,Austria,2020,Y15-29,0.06,912
376,Austria,2021,Y15-29,0.08,921
377,Belgium,2009,Y15-29,0.05,877
378,Belgium,2010,Y15-29,0.05,868
379,Belgium,2011,Y15-29,0.05,876
380,Belgium,2012,Y15-29,0.06,862
381,Belgium,2013,Y15-29,0.05,839
382,Belgium,2014,Y15-29,0.03,841
383,Belgium,2015,Y15-29,0.03,841
384,Belgium,2016,Y15-29,0.03,843
385,Belgium,2017,Y15-29,0.04,843
386,Belgium,2018,Y15-29,0.04,880
387,Belgium,2019,Y15-29,0.03,916
388,Belgium,2020,Y15-29,0.03,863
389,Belgium,2021,Y15-29,0.01,883
390,Bulgaria,2009,Y15-29,0.1,529
391,Bulgaria,2010,Y15-29,0.08,541
392,Bulgaria,2011,Y15-29,0.07,495
393,Bulgaria,2012,Y15-29,0.08,482
394,Bulgaria,2013,Y15-29,0.08,457
395,Bulgaria,2014,Y15-29,0.09,459
396,Bulgaria,2015,Y15-29,0.09,460
397,Bulgaria,2016,Y15-29,0.1,435
398,Bulgaria,2017,Y15-29,0.11,458
399,Bulgaria,2018,Y15-29,0.1,428
400,Bulgaria,2019,Y15-29,0.11,427
401,Bulgaria,2020,Y15-29,0.1,376
402,Bulgaria,2021,Y15-29,0.09,348
403,Cyprus,2009,Y15-29,0.04,89
404,Cyprus,2010,Y15-29,0.02,91
405,Cyprus,2011,Y15-29,0.03,89
406,Cyprus,2012,Y15-29,0.05,85
407,Cyprus,2013,Y15-29,0.02,77
408,Cyprus,2014,Y15-29,0.0,80
409,Cyprus,2015,Y15-29,-0.01,75
410,Cyprus,2016,Y15-29,0.01,75
411,Cyprus,2017,Y15-29,-0.02,80
412,Cyprus,2018,Y15-29,-0.01,85
413,Cyprus,2019,Y15-29,0.03,89
414,Cyprus,2020,Y15-29,0.01,86
415,Cyprus,2021,Y15-29,0.04,88
416,Czech Republic,2009,Y15-29,0.15,921
417,Czech Republic,2010,Y15-29,0.15,873
418,Czech Republic,2011,Y15-29,0.15,836
419,Czech Republic,2012,Y15-29,0.14,819
420,Czech Republic,2013,Y15-29,0.14,822
421,Czech Republic,2014,Y15-29,0.15,825
422,Czech Republic,2015,Y15-29,0.15,825
423,Czech Republic,2016,Y15-29,0.15,819
424,Czech Republic,2017,Y15-29,0.14,823
425,Czech Republic,2018,Y15-29,0.14,808
426,Czech Republic,2019,Y15-29,0.13,791
427,Czech Republic,2020,Y15-29,0.17,734
428,Czech Republic,2021,Y15-29,0.17,708
429,Germany,2009,Y15-29,0.04,7850
430,Germany,2010,Y15-29,0.04,7558
431,Germany,2011,Y15-29,0.04,7746
432,Germany,2012,Y15-29,0.04,7645
433,Germany,2013,Y15-29,0.04,7645
434,Germany,2014,Y15-29,0.04,7666
435,Germany,2015,Y15-29,0.03,7677
436,Germany,2016,Y15-29,0.03,7958
437,Germany,2017,Y15-29,0.03,7983
438,Germany,2018,Y15-29,0.05,7942
439,Germany,2019,Y15-29,0.05,7957
440,Germany,2020,Y15-29,0.04,7735
441,Germany,2021,Y15-29,0.05,7794
442,Denmark,2009,Y15-29,-0.01,623
443,Denmark,2010,Y15-29,-0.01,589
444,Denmark,2011,Y15-29,0.02,591
445,Denmark,2012,Y15-29,0.01,583
446,Denmark,2013,Y15-29,0.01,585
447,Denmark,2014,Y15-29,0.01,601
448,Denmark,2015,Y15-29,0.01,627
449,Denmark,2016,Y15-29,0.0,643
450,Denmark,2017,Y15-29,0.02,654
451,Denmark,2018,Y15-29,0.01,674
452,Denmark,2019,Y15-29,0.02,683
453,Denmark,2020,Y15-29,0.02,667
454,Denmark,2021,Y15-29,0.03,676
455,Estonia,2009,Y15-29,0.07,119
456,Estonia,2010,Y15-29,0.05,113
457,Estonia,2011,Y15-29,0.06,124
458,Estonia,2012,Y15-29,0.08,123
459,Estonia,2013,Y15-29,0.08,122
460,Estonia,2014,Y15-29,0.06,123
461,Estonia,2015,Y15-29,0.1,125
462,Estonia,2016,Y15-29,0.09,123
463,Estonia,2017,Y15-29,0.08,127
464,Estonia,2018,Y15-29,0.08,125
465,Estonia,2019,Y15-29,0.09,118
466,Estonia,2020,Y15-29,0.08,106
467,Estonia,2021,Y15-29,0.04,103
468,Greece,2009,Y15-29,0.13,847
469,Greece,2010,Y15-29,0.12,755
470,Greece,2011,Y15-29,0.1,623
471,Greece,2012,Y15-29,0.08,518
472,Greece,2013,Y15-29,0.07,450
473,Greece,2014,Y15-29,0.06,467
474,Greece,2015,Y15-29,0.08,475
475,Greece,2016,Y15-29,0.09,473
476,Greece,2017,Y15-29,0.1,474
477,Greece,2018,Y15-29,0.08,480
478,Greece,2019,Y15-29,0.06,499
479,Greece,2020,Y15-29,0.06,451
480,Greece,2021,Y15-29,0.08,482
481,Spain,2009,Y15-29,0.03,3754
482,Spain,2010,Y15-29,0.01,3371
483,Spain,2011,Y15-29,0.01,3040
484,Spain,2012,Y15-29,-0.01,2624
485,Spain,2013,Y15-29,0.01,2391
486,Spain,2014,Y15-29,0.02,2365
487,Spain,2015,Y15-29,0.01,2380
488,Spain,2016,Y15-29,0.03,2413
489,Spain,2017,Y15-29,0.03,2547
490,Spain,2018,Y15-29,0.03,2662
491,Spain,2019,Y15-29,0.04,2740
492,Spain,2020,Y15-29,0.04,2478
493,Spain,2021,Y15-29,0.02,2656
494,European Union,2009,Y15-29,0.06,37771
495,European Union,2010,Y15-29,0.06,35870
496,European Union,2011,Y15-29,0.06,35086
497,European Union,2012,Y15-29,0.06,33903
498,European Union,2013,Y15-29,0.05,33020
499,European Union,2014,Y15-29,0.06,32996
500,European Union,2015,Y15-29,0.05,33265
501,European Union,2016,Y15-29,0.05,33917
502,European Union,2017,Y15-29,0.06,34349
503,European Union,2018,Y15-29,0.06,34585
504,European Union,2019,Y15-29,0.06,34707
505,European Union,2020,Y15-29,0.06,32867
506,European Union,2021,Y15-29,0.06,33619
507,Finland,2009,Y15-29,0.01,504
508,Finland,2010,Y15-29,0.02,501
509,Finland,2011,Y15-29,0.04,512
510,Finland,2012,Y15-29,0.02,518
511,Finland,2013,Y15-29,0.01,513
512,Finland,2014,Y15-29,0.01,503
513,Finland,2015,Y15-29,0.01,491
514,Finland,2016,Y15-29,0.01,502
515,Finland,2017,Y15-29,0.02,511
516,Finland,2018,Y15-29,0.02,524
517,Finland,2019,Y15-29,0.02,530
518,Finland,2020,Y15-29,0.04,502
519,Finland,2021,Y15-29,0.01,522
520,France,2009,Y15-29,0.05,5384
521,France,2010,Y15-29,0.06,5318
522,France,2011,Y15-29,0.06,5207
523,France,2012,Y15-29,0.05,5048
524,France,2013,Y15-29,0.05,5007
525,France,2014,Y15-29,0.04,4948
526,France,2015,Y15-29,0.04,4960
527,France,2016,Y15-29,0.04,4987
528,France,2017,Y15-29,0.05,5035
529,France,2018,Y15-29,0.05,5110
530,France,2019,Y15-29,0.03,5097
531,France,2020,Y15-29,0.04,4936
532,France,2021,Y15-29,0.03,5233
533,Croatia,2009,Y15-29,0.11,355
534,Croatia,2010,Y15-29,0.06,323
535,Croatia,2011,Y15-29,0.08,285
536,Croatia,2012,Y15-29,0.06,262
537,Croatia,2013,Y15-29,0.05,245
538,Croatia,2014,Y15-29,0.07,266
539,Croatia,2015,Y15-29,0.08,265
540,Croatia,2016,Y15-29,0.07,291
541,Croatia,2017,Y15-29,0.08,292
542,Croatia,2018,Y15-29,0.11,289
543,Croatia,2019,Y15-29,0.11,298
544,Croatia,2020,Y15-29,0.13,277
545,Croatia,2021,Y15-29,0.11,273
546,Hungary,2009,Y15-29,0.06,705
547,Hungary,2010,Y15-29,0.05,668
548,Hungary,2011,Y15-29,0.06,647
549,Hungary,2012,Y15-29,0.04,643
550,Hungary,2013,Y15-29,0.06,667
551,Hungary,2014,Y15-29,0.08,722
552,Hungary,2015,Y15-29,0.08,746
553,Hungary,2016,Y15-29,0.09,780
554,Hungary,2017,Y15-29,0.1,794
555,Hungary,2018,Y15-29,0.1,793
556,Hungary,2019,Y15-29,0.09,786
557,Hungary,2020,Y15-29,0.09,759
558,Hungary,2021,Y15-29,0.07,754
559,Ireland,2009,Y15-29,-0.03,575
560,Ireland,2010,Y15-29,-0.04,495
561,Ireland,2011,Y15-29,-0.03,446
562,Ireland,2012,Y15-29,-0.04,425
563,Ireland,2013,Y15-29,-0.02,425
564,Ireland,2014,Y15-29,0.0,420
565,Ireland,2015,Y15-29,0.01,430
566,Ireland,2016,Y15-29,0.0,462
567,Ireland,2017,Y15-29,0.02,459
568,Ireland,2018,Y15-29,0.03,470
569,Ireland,2019,Y15-29,0.03,485
570,Ireland,2020,Y15-29,0.03,446
571,Ireland,2021,Y15-29,0.01,502
572,Italy,2009,Y15-29,0.11,3365
573,Italy,2010,Y15-29,0.1,3168
574,Italy,2011,Y15-29,0.1,3087
575,Italy,2012,Y15-29,0.09,2965
576,Italy,2013,Y15-29,0.07,2662
577,Italy,2014,Y15-29,0.08,2578
578,Italy,2015,Y15-29,0.08,2589
579,Italy,2016,Y15-29,0.09,2685
580,Italy,2017,Y15-29,0.08,2725
581,Italy,2018,Y15-29,0.09,2768
582,Italy,2019,Y15-29,0.09,2849
583,Italy,2020,Y15-29,0.09,2632
584,Italy,2021,Y15-29,0.1,2736
585,Lithuania,2009,Y15-29,0.0,255
586,Lithuania,2010,Y15-29,-0.01,221
587,Lithuania,2011,Y15-29,0.03,207
588,Lithuania,2012,Y15-29,0.02,225
589,Lithuania,2013,Y15-29,0.06,238
590,Lithuania,2014,Y15-29,0.08,252
591,Lithuania,2015,Y15-29,0.06,250
592,Lithuania,2016,Y15-29,0.06,247
593,Lithuania,2017,Y15-29,0.06,241
594,Lithuania,2018,Y15-29,0.05,237
595,Lithuania,2019,Y15-29,0.03,225
596,Lithuania,2020,Y15-29,0.04,209
597,Lithuania,2021,Y15-29,0.05,207
598,Luxembourg,2009,Y15-29,0.04,41
599,Luxembourg,2010,Y15-29,0.05,39
600,Luxembourg,2011,Y15-29,0.05,40
601,Luxembourg,2012,Y15-29,0.04,41
602,Luxembourg,2013,Y15-29,0.04,40
603,Luxembourg,2014,Y15-29,0.01,42
604,Luxembourg,2015,Y15-29,0.03,51
605,Luxembourg,2016,Y15-29,0.01,51
606,Luxembourg,2017,Y15-29,0.02,52
607,Luxembourg,2018,Y15-29,0.02,55
608,Luxembourg,2019,Y15-29,0.03,58
609,Luxembourg,2020,Y15-29,0.0,55
610,Luxembourg,2021,Y15-29,0.01,59
611,Latvia,2009,Y15-29,0.05,189
612,Latvia,2010,Y15-29,0.03,177
613,Latvia,2011,Y15-29,0.06,175
614,Latvia,2012,Y15-29,0.07,180
615,Latvia,2013,Y15-29,0.07,182
616,Latvia,2014,Y15-29,0.1,178
617,Latvia,2015,Y15-29,0.06,178
618,Latvia,2016,Y15-29,0.04,169
619,Latvia,2017,Y15-29,0.06,165
620,Latvia,2018,Y15-29,0.06,155
621,Latvia,2019,Y15-29,0.05,150
622,Latvia,2020,Y15-29,0.05,133
623,Latvia,2021,Y15-29,0.04,125
624,Malta,2009,Y15-29,0.09,49
625,Malta,2010,Y15-29,0.08,48
626,Malta,2011,Y15-29,0.09,49
627,Malta,2012,Y15-29,0.08,49
628,Malta,2013,Y15-29,0.06,51
629,Malta,2014,Y15-29,0.03,53
630,Malta,2015,Y15-29,0.06,53
631,Malta,2016,Y15-29,0.06,56
632,Malta,2017,Y15-29,0.04,59
633,Malta,2018,Y15-29,0.02,65
634,Malta,2019,Y15-29,0.04,67
635,Malta,2020,Y15-29,0.04,64
636,Malta,2021,Y15-29,0.04,63
637,Netherlands,2009,Y15-29,0.01,2154
638,Netherlands,2010,Y15-29,0.0,2096
639,Netherlands,2011,Y15-29,-0.01,2107
640,Netherlands,2012,Y15-29,0.0,2119
641,Netherlands,2013,Y15-29,-0.01,2111
642,Netherlands,2014,Y15-29,0.01,2087
643,Netherlands,2015,Y15-29,-0.01,2151
644,Netherlands,2016,Y15-29,-0.01,2187
645,Netherlands,2017,Y15-29,-0.01,2249
646,Netherlands,2018,Y15-29,-0.01,2320
647,Netherlands,2019,Y15-29,-0.01,2379
648,Netherlands,2020,Y15-29,-0.01,2324
649,Netherlands,2021,Y15-29,-0.02,2491
650,Poland,2009,Y15-29,0.1,3576
651,Poland,2010,Y15-29,0.1,3384
652,Poland,2011,Y15-29,0.12,3262
653,Poland,2012,Y15-29,0.12,3158
654,Poland,2013,Y15-29,0.11,3025
655,Poland,2014,Y15-29,0.1,3012
656,Poland,2015,Y15-29,0.1,2978
657,Poland,2016,Y15-29,0.11,3083
658,Poland,2017,Y15-29,0.12,3064
659,Poland,2018,Y15-29,0.11,3030
660,Poland,2019,Y15-29,0.12,2964
661,Poland,2020,Y15-29,0.12,2713
662,Poland,2021,Y15-29,0.12,2678
663,Portugal,2009,Y15-29,0.04,866
664,Portugal,2010,Y15-29,0.04,789
665,Portugal,2011,Y15-29,0.04,762
666,Portugal,2012,Y15-29,0.02,678
667,Portugal,2013,Y15-29,0.02,625
668,Portugal,2014,Y15-29,0.01,637
669,Portugal,2015,Y15-29,0.01,645
670,Portugal,2016,Y15-29,0.01,656
671,Portugal,2017,Y15-29,0.02,702
672,Portugal,2018,Y15-29,0.03,723
673,Portugal,2019,Y15-29,0.03,740
674,Portugal,2020,Y15-29,0.02,673
675,Portugal,2021,Y15-29,0.04,662
676,Romania,2009,Y15-29,0.1,1569
677,Romania,2010,Y15-29,0.1,1343
678,Romania,2011,Y15-29,0.1,1322
679,Romania,2012,Y15-29,0.1,1315
680,Romania,2013,Y15-29,0.1,1303
681,Romania,2014,Y15-29,0.11,1322
682,Romania,2015,Y15-29,0.12,1387
683,Romania,2016,Y15-29,0.13,1331
684,Romania,2017,Y15-29,0.1,1341
685,Romania,2018,Y15-29,0.12,1293
686,Romania,2019,Y15-29,0.13,1231
687,Romania,2020,Y15-29,0.13,1182
688,Romania,2021,Y15-29,0.13,1139
689,Sweden,2009,Y15-29,0.01,898
690,Sweden,2010,Y15-29,0.02,911
691,Sweden,2011,Y15-29,0.03,958
692,Sweden,2012,Y15-29,0.0,951
693,Sweden,2013,Y15-29,0.01,981
694,Sweden,2014,Y15-29,0.0,1007
695,Sweden,2015,Y15-29,0.0,1037
696,Sweden,2016,Y15-29,0.0,1058
697,Sweden,2017,Y15-29,0.0,1085
698,Sweden,2018,Y15-29,0.0,1090
699,Sweden,2019,Y15-29,0.0,1078
700,Sweden,2020,Y15-29,0.01,1007
701,Sweden,2021,Y15-29,0.01,1004
702,Slovenia,2009,Y15-29,0.07,199
703,Slovenia,2010,Y15-29,0.05,189
704,Slovenia,2011,Y15-29,0.06,176
705,Slovenia,2012,Y15-29,0.05,161
706,Slovenia,2013,Y15-29,0.06,152
707,Slovenia,2014,Y15-29,0.09,146
708,Slovenia,2015,Y15-29,0.09,152
709,Slovenia,2016,Y15-29,0.08,147
710,Slovenia,2017,Y15-29,0.09,161
711,Slovenia,2018,Y15-29,0.07,160
712,Slovenia,2019,Y15-29,0.07,157
713,Slovenia,2020,Y15-29,0.06,143
714,Slovenia,2021,Y15-29,0.08,137
715,Slovakia,2009,Y15-29,0.1,522
716,Slovakia,2010,Y15-29,0.08,486
717,Slovakia,2011,Y15-29,0.11,457
718,Slovakia,2012,Y15-29,0.1,453
719,Slovakia,2013,Y15-29,0.1,442
720,Slovakia,2014,Y15-29,0.11,446
721,Slovakia,2015,Y15-29,0.12,465
722,Slovakia,2016,Y15-29,0.14,470
723,Slovakia,2017,Y15-29,0.13,466
724,Slovakia,2018,Y15-29,0.13,459
725,Slovakia,2019,Y15-29,0.14,437
726,Slovakia,2020,Y15-29,0.15,404
727,Slovakia,2021,Y15-29,0.12,375
728,Austria,2009,Y15-64,0.11,3909
729,Austria,2010,Y15-64,0.1,3944
730,Austria,2011,Y15-64,0.1,3982
731,Austria,2012,Y15-64,0.09,4013
732,Austria,2013,Y15-64,0.09,4030
733,Austria,2014,Y15-64,0.08,4034
734,Austria,2015,Y15-64,0.08,4068
735,Austria,2016,Y15-64,0.07,4143
736,Austria,2017,Y15-64,0.08,4185
737,Austria,2018,Y15-64,0.08,4241
738,Austria,2019,Y15-64,0.09,4280
739,Austria,2020,Y15-64,0.09,4185
740,Austria,2021,Y15-64,0.09,4232
741,Belgium,2009,Y15-64,0.11,4389
742,Belgium,2010,Y15-64,0.11,4451
743,Belgium,2011,Y15-64,0.1,4470
744,Belgium,2012,Y15-64,0.1,4479
745,Belgium,2013,Y15-64,0.09,4485
746,Belgium,2014,Y15-64,0.08,4497
747,Belgium,2015,Y15-64,0.08,4499
748,Belgium,2016,Y15-64,0.08,4541
749,Belgium,2017,Y15-64,0.09,4587
750,Belgium,2018,Y15-64,0.07,4699
751,Belgium,2019,Y15-64,0.07,4771
752,Belgium,2020,Y15-64,0.07,4720
753,Belgium,2021,Y15-64,0.07,4795
754,Bulgaria,2009,Y15-64,0.09,3156
755,Bulgaria,2010,Y15-64,0.07,2991
756,Bulgaria,2011,Y15-64,0.05,2885
757,Bulgaria,2012,Y15-64,0.05,2854
758,Bulgaria,2013,Y15-64,0.05,2849
759,Bulgaria,2014,Y15-64,0.06,2887
760,Bulgaria,2015,Y15-64,0.06,2934
761,Bulgaria,2016,Y15-64,0.07,2915
762,Bulgaria,2017,Y15-64,0.08,3032
763,Bulgaria,2018,Y15-64,0.08,3029
764,Bulgaria,2019,Y15-64,0.08,3095
765,Bulgaria,2020,Y15-64,0.08,2985
766,Bulgaria,2021,Y15-64,0.08,2987
767,Cyprus,2009,Y15-64,0.14,371
768,Cyprus,2010,Y15-64,0.12,382
769,Cyprus,2011,Y15-64,0.12,386
770,Cyprus,2012,Y15-64,0.11,375
771,Cyprus,2013,Y15-64,0.1,357
772,Cyprus,2014,Y15-64,0.07,355
773,Cyprus,2015,Y15-64,0.08,350
774,Cyprus,2016,Y15-64,0.1,354
775,Cyprus,2017,Y15-64,0.09,370
776,Cyprus,2018,Y15-64,0.09,390
777,Cyprus,2019,Y15-64,0.11,403
778,Cyprus,2020,Y15-64,0.12,405
779,Cyprus,2021,Y15-64,0.12,417
780,Czech Republic,2009,Y15-64,0.17,4857
781,Czech Republic,2010,Y15-64,0.18,4810
782,Czech Republic,2011,Y15-64,0.17,4796
783,Czech Republic,2012,Y15-64,0.17,4810
784,Czech Republic,2013,Y15-64,0.16,4846
785,Czech Republic,2014,Y15-64,0.16,4883
786,Czech Republic,2015,Y15-64,0.16,4934
787,Czech Republic,2016,Y15-64,0.15,5016
788,Czech Republic,2017,Y15-64,0.15,5094
789,Czech Republic,2018,Y15-64,0.14,5147
790,Czech Republic,2019,Y15-64,0.14,5151
791,Czech Republic,2020,Y15-64,0.14,5087
792,Czech Republic,2021,Y15-64,0.14,5066
793,Germany,2009,Y15-64,0.1,37309
794,Germany,2010,Y15-64,0.1,36845
795,Germany,2011,Y15-64,0.1,37543
796,Germany,2012,Y15-64,0.1,37814
797,Germany,2013,Y15-64,0.09,38129
798,Germany,2014,Y15-64,0.08,38393
799,Germany,2015,Y15-64,0.08,38657
800,Germany,2016,Y15-64,0.07,39633
801,Germany,2017,Y15-64,0.07,39945
802,Germany,2018,Y15-64,0.08,40096
803,Germany,2019,Y15-64,0.07,40520
804,Germany,2020,Y15-64,0.07,39621
805,Germany,2021,Y15-64,0.07,40154
806,Denmark,2009,Y15-64,0.05,2658
807,Denmark,2010,Y15-64,0.04,2599
808,Denmark,2011,Y15-64,0.05,2588
809,Denmark,2012,Y15-64,0.06,2565
810,Denmark,2013,Y15-64,0.05,2557
811,Denmark,2014,Y15-64,0.06,2579
812,Denmark,2015,Y15-64,0.06,2623
813,Denmark,2016,Y15-64,0.06,2668
814,Denmark,2017,Y15-64,0.06,2698
815,Denmark,2018,Y15-64,0.06,2739
816,Denmark,2019,Y15-64,0.06,2779
817,Denmark,2020,Y15-64,0.06,2753
818,Denmark,2021,Y15-64,0.05,2787
819,Estonia,2009,Y15-64,0.0,577
820,Estonia,2010,Y15-64,0.0,555
821,Estonia,2011,Y15-64,0.04,585
822,Estonia,2012,Y15-64,0.04,598
823,Estonia,2013,Y15-64,0.04,603
824,Estonia,2014,Y15-64,0.05,605
825,Estonia,2015,Y15-64,0.06,611
826,Estonia,2016,Y15-64,0.05,612
827,Estonia,2017,Y15-64,0.05,625
828,Estonia,2018,Y15-64,0.06,627
829,Estonia,2019,Y15-64,0.05,632
830,Estonia,2020,Y15-64,0.04,618
831,Estonia,2021,Y15-64,0.04,616
832,Greece,2009,Y15-64,0.25,4459
833,Greece,2010,Y15-64,0.23,4289
834,Greece,2011,Y15-64,0.21,3963
835,Greece,2012,Y15-64,0.19,3608
836,Greece,2013,Y15-64,0.18,3438
837,Greece,2014,Y15-64,0.17,3466
838,Greece,2015,Y15-64,0.18,3543
839,Greece,2016,Y15-64,0.18,3591
840,Greece,2017,Y15-64,0.19,3663
841,Greece,2018,Y15-64,0.2,3724
842,Greece,2019,Y15-64,0.19,3800
843,Greece,2020,Y15-64,0.18,3607
844,Greece,2021,Y15-64,0.18,3823
845,Spain,2009,Y15-64,0.13,18957
846,Spain,2010,Y15-64,0.12,18574
847,Spain,2011,Y15-64,0.1,18271
848,Spain,2012,Y15-64,0.09,17477
849,Spain,2013,Y15-64,0.09,17002
850,Spain,2014,Y15-64,0.1,17211
851,Spain,2015,Y15-64,0.1,17717
852,Spain,2016,Y15-64,0.11,18183
853,Spain,2017,Y15-64,0.1,18649
854,Spain,2018,Y15-64,0.11,19136
855,Spain,2019,Y15-64,0.11,19568
856,Spain,2020,Y15-64,0.1,18958
857,Spain,2021,Y15-64,0.1,19493
858,European Union,2009,Y15-64,0.12,184571
859,European Union,2010,Y15-64,0.11,182162
860,European Union,2011,Y15-64,0.11,182279
861,European Union,2012,Y15-64,0.11,181286
862,European Union,2013,Y15-64,0.11,180462
863,European Union,2014,Y15-64,0.1,181980
864,European Union,2015,Y15-64,0.1,184047
865,European Union,2016,Y15-64,0.1,186961
866,European Union,2017,Y15-64,0.11,189677
867,European Union,2018,Y15-64,0.1,191833
868,European Union,2019,Y15-64,0.1,193603
869,European Union,2020,Y15-64,0.1,190059
870,European Union,2021,Y15-64,0.1,192963
871,Finland,2009,Y15-64,0.02,2394
872,Finland,2010,Y15-64,0.02,2375
873,Finland,2011,Y15-64,0.04,2394
874,Finland,2012,Y15-64,0.03,2399
875,Finland,2013,Y15-64,0.02,2375
876,Finland,2014,Y15-64,0.02,2359
877,Finland,2015,Y15-64,0.01,2334
878,Finland,2016,Y15-64,0.03,2350
879,Finland,2017,Y15-64,0.03,2372
880,Finland,2018,Y15-64,0.02,2433
881,Finland,2019,Y15-64,0.02,2455
882,Finland,2020,Y15-64,0.03,2420
883,Finland,2021,Y15-64,0.02,2470
884,France,2009,Y15-64,0.07,26289
885,France,2010,Y15-64,0.07,26338
886,France,2011,Y15-64,0.07,26327
887,France,2012,Y15-64,0.07,26335
888,France,2013,Y15-64,0.07,26311
889,France,2014,Y15-64,0.05,26326
890,France,2015,Y15-64,0.05,26348
891,France,2016,Y15-64,0.06,26443
892,France,2017,Y15-64,0.06,26655
893,France,2018,Y15-64,0.06,26886
894,France,2019,Y15-64,0.05,26964
895,France,2020,Y15-64,0.05,26832
896,France,2021,Y15-64,0.06,27274
897,Croatia,2009,Y15-64,0.11,1708
898,Croatia,2010,Y15-64,0.11,1649
899,Croatia,2011,Y15-64,0.11,1584
900,Croatia,2012,Y15-64,0.1,1528
901,Croatia,2013,Y15-64,0.08,1494
902,Croatia,2014,Y15-64,0.09,1542
903,Croatia,2015,Y15-64,0.08,1559
904,Croatia,2016,Y15-64,0.09,1567
905,Croatia,2017,Y15-64,0.1,1603
906,Croatia,2018,Y15-64,0.09,1630
907,Croatia,2019,Y15-64,0.1,1650
908,Croatia,2020,Y15-64,0.1,1630
909,Croatia,2021,Y15-64,0.09,1649
910,Hungary,2009,Y15-64,0.07,3864
911,Hungary,2010,Y15-64,0.06,3843
912,Hungary,2011,Y15-64,0.06,3868
913,Hungary,2012,Y15-64,0.06,3924
914,Hungary,2013,Y15-64,0.07,3997
915,Hungary,2014,Y15-64,0.08,4192
916,Hungary,2015,Y15-64,0.08,4300
917,Hungary,2016,Y15-64,0.09,4440
918,Hungary,2017,Y15-64,0.1,4500
919,Hungary,2018,Y15-64,0.09,4548
920,Hungary,2019,Y15-64,0.1,4568
921,Hungary,2020,Y15-64,0.1,4519
922,Hungary,2021,Y15-64,0.1,4535
923,Ireland,2009,Y15-64,0.09,1970
924,Ireland,2010,Y15-64,0.08,1878
925,Ireland,2011,Y15-64,0.08,1839
926,Ireland,2012,Y15-64,0.08,1830
927,Ireland,2013,Y15-64,0.09,1885
928,Ireland,2014,Y15-64,0.1,1933
929,Ireland,2015,Y15-64,0.11,1993
930,Ireland,2016,Y15-64,0.11,2065
931,Ireland,2017,Y15-64,0.11,2123
932,Ireland,2018,Y15-64,0.11,2175
933,Ireland,2019,Y15-64,0.11,2235
934,Ireland,2020,Y15-64,0.11,2165
935,Ireland,2021,Y15-64,0.08,2289
936,Italy,2009,Y15-64,0.22,22147
937,Italy,2010,Y15-64,0.21,21961
938,Italy,2011,Y15-64,0.21,22037
939,Italy,2012,Y15-64,0.19,21891
940,Italy,2013,Y15-64,0.18,21420
941,Italy,2014,Y15-64,0.17,21458
942,Italy,2015,Y15-64,0.18,21634
943,Italy,2016,Y15-64,0.18,21938
944,Italy,2017,Y15-64,0.18,22161
945,Italy,2018,Y15-64,0.18,22333
946,Italy,2019,Y15-64,0.18,22443
947,Italy,2020,Y15-64,0.19,21721
948,Italy,2021,Y15-64,0.18,21849
949,Lithuania,2009,Y15-64,-0.01,1290
950,Lithuania,2010,Y15-64,-0.02,1224
951,Lithuania,2011,Y15-64,0.0,1226
952,Lithuania,2012,Y15-64,0.0,1244
953,Lithuania,2013,Y15-64,0.02,1264
954,Lithuania,2014,Y15-64,0.01,1288
955,Lithuania,2015,Y15-64,0.02,1301
956,Lithuania,2016,Y15-64,0.01,1318
957,Lithuania,2017,Y15-64,0.01,1306
958,Lithuania,2018,Y15-64,0.01,1324
959,Lithuania,2019,Y15-64,0.02,1324
960,Lithuania,2020,Y15-64,0.01,1298
961,Lithuania,2021,Y15-64,0.01,1310
962,Luxembourg,2009,Y15-64,0.16,215
963,Luxembourg,2010,Y15-64,0.16,219
964,Luxembourg,2011,Y15-64,0.15,222
965,Luxembourg,2012,Y15-64,0.13,234
966,Luxembourg,2013,Y15-64,0.13,236
967,Luxembourg,2014,Y15-64,0.13,243
968,Luxembourg,2015,Y15-64,0.1,255
969,Luxembourg,2016,Y15-64,0.1,259
970,Luxembourg,2017,Y15-64,0.08,270
971,Luxembourg,2018,Y15-64,0.08,278
972,Luxembourg,2019,Y15-64,0.08,287
973,Luxembourg,2020,Y15-64,0.06,290
974,Luxembourg,2021,Y15-64,0.07,303
975,Latvia,2009,Y15-64,0.0,872
976,Latvia,2010,Y15-64,-0.01,825
977,Latvia,2011,Y15-64,0.01,837
978,Latvia,2012,Y15-64,0.02,849
979,Latvia,2013,Y15-64,0.04,864
980,Latvia,2014,Y15-64,0.04,857
981,Latvia,2015,Y15-64,0.04,867
982,Latvia,2016,Y15-64,0.03,860
983,Latvia,2017,Y15-64,0.04,861
984,Latvia,2018,Y15-64,0.04,872
985,Latvia,2019,Y15-64,0.03,870
986,Latvia,2020,Y15-64,0.03,850
987,Latvia,2021,Y15-64,0.04,822
988,Malta,2009,Y15-64,0.34,158
989,Malta,2010,Y15-64,0.32,160
990,Malta,2011,Y15-64,0.32,164
991,Malta,2012,Y15-64,0.29,171
992,Malta,2013,Y15-64,0.26,179
993,Malta,2014,Y15-64,0.24,187
994,Malta,2015,Y15-64,0.25,194
995,Malta,2016,Y15-64,0.24,205
996,Malta,2017,Y15-64,0.22,217
997,Malta,2018,Y15-64,0.2,234
998,Malta,2019,Y15-64,0.19,249
999,Malta,2020,Y15-64,0.17,256
1000,Malta,2021,Y15-64,0.16,263
1001,Netherlands,2009,Y15-64,0.12,8388
1002,Netherlands,2010,Y15-64,0.11,8313
1003,Netherlands,2011,Y15-64,0.1,8320
1004,Netherlands,2012,Y15-64,0.09,8342
1005,Netherlands,2013,Y15-64,0.08,8272
1006,Netherlands,2014,Y15-64,0.09,8196
1007,Netherlands,2015,Y15-64,0.09,8283
1008,Netherlands,2016,Y15-64,0.09,8391
1009,Netherlands,2017,Y15-64,0.09,8544
1010,Netherlands,2018,Y15-64,0.08,8711
1011,Netherlands,2019,Y15-64,0.08,8857
1012,Netherlands,2020,Y15-64,0.07,8849
1013,Netherlands,2021,Y15-64,0.07,8975
1014,Poland,2009,Y15-64,0.13,15059
1015,Poland,2010,Y15-64,0.12,14729
1016,Poland,2011,Y15-64,0.13,14834
1017,Poland,2012,Y15-64,0.12,14911
1018,Poland,2013,Y15-64,0.13,14909
1019,Poland,2014,Y15-64,0.12,15222
1020,Poland,2015,Y15-64,0.12,15479
1021,Poland,2016,Y15-64,0.13,15646
1022,Poland,2017,Y15-64,0.13,15872
1023,Poland,2018,Y15-64,0.13,15955
1024,Poland,2019,Y15-64,0.13,15935
1025,Poland,2020,Y15-64,0.14,15853
1026,Poland,2021,Y15-64,0.13,16237
1027,Portugal,2009,Y15-64,0.1,4427
1028,Portugal,2010,Y15-64,0.09,4365
1029,Portugal,2011,Y15-64,0.08,4315
1030,Portugal,2012,Y15-64,0.06,4112
1031,Portugal,2013,Y15-64,0.06,4034
1032,Portugal,2014,Y15-64,0.06,4158
1033,Portugal,2015,Y15-64,0.06,4233
1034,Portugal,2016,Y15-64,0.05,4303
1035,Portugal,2017,Y15-64,0.06,4459
1036,Portugal,2018,Y15-64,0.06,4572
1037,Portugal,2019,Y15-64,0.06,4612
1038,Portugal,2020,Y15-64,0.05,4525
1039,Portugal,2021,Y15-64,0.05,4623
1040,Romania,2009,Y15-64,0.15,7435
1041,Romania,2010,Y15-64,0.16,7189
1042,Romania,2011,Y15-64,0.16,7117
1043,Romania,2012,Y15-64,0.15,7178
1044,Romania,2013,Y15-64,0.15,7159
1045,Romania,2014,Y15-64,0.16,7260
1046,Romania,2015,Y15-64,0.16,7352
1047,Romania,2016,Y15-64,0.16,7400
1048,Romania,2017,Y15-64,0.16,7596
1049,Romania,2018,Y15-64,0.18,7635
1050,Romania,2019,Y15-64,0.18,7691
1051,Romania,2020,Y15-64,0.18,7592
1052,Romania,2021,Y15-64,0.19,7668
1053,Sweden,2009,Y15-64,0.04,4342
1054,Sweden,2010,Y15-64,0.05,4354
1055,Sweden,2011,Y15-64,0.05,4449
1056,Sweden,2012,Y15-64,0.04,4460
1057,Sweden,2013,Y15-64,0.04,4505
1058,Sweden,2014,Y15-64,0.04,4548
1059,Sweden,2015,Y15-64,0.04,4609
1060,Sweden,2016,Y15-64,0.03,4685
1061,Sweden,2017,Y15-64,0.03,4781
1062,Sweden,2018,Y15-64,0.03,4857
1063,Sweden,2019,Y15-64,0.03,4885
1064,Sweden,2020,Y15-64,0.04,4805
1065,Sweden,2021,Y15-64,0.04,4853
1066,Slovenia,2009,Y15-64,0.06,948
1067,Slovenia,2010,Y15-64,0.07,932
1068,Slovenia,2011,Y15-64,0.07,907
1069,Slovenia,2012,Y15-64,0.07,899
1070,Slovenia,2013,Y15-64,0.07,881
1071,Slovenia,2014,Y15-64,0.07,886
1072,Slovenia,2015,Y15-64,0.07,894
1073,Slovenia,2016,Y15-64,0.06,896
1074,Slovenia,2017,Y15-64,0.07,936
1075,Slovenia,2018,Y15-64,0.07,954
1076,Slovenia,2019,Y15-64,0.06,962
1077,Slovenia,2020,Y15-64,0.06,954
1078,Slovenia,2021,Y15-64,0.06,954
1079,Slovakia,2009,Y15-64,0.11,2422
1080,Slovakia,2010,Y15-64,0.09,2372
1081,Slovakia,2011,Y15-64,0.1,2368
1082,Slovakia,2012,Y15-64,0.1,2382
1083,Slovakia,2013,Y15-64,0.09,2383
1084,Slovakia,2014,Y15-64,0.09,2416
1085,Slovakia,2015,Y15-64,0.09,2473
1086,Slovakia,2016,Y15-64,0.09,2542
1087,Slovakia,2017,Y15-64,0.08,2574
1088,Slovakia,2018,Y15-64,0.08,2606
1089,Slovakia,2019,Y15-64,0.07,2618
1090,Slovakia,2020,Y15-64,0.07,2564
1091,Slovakia,2021,Y15-64,0.07,2522
1092,Austria,2009,Y20-64,0.11,3724
1093,Austria,2010,Y20-64,0.1,3762
1094,Austria,2011,Y20-64,0.1,3802
1095,Austria,2012,Y20-64,0.09,3835
1096,Austria,2013,Y20-64,0.09,3864
1097,Austria,2014,Y20-64,0.08,3876
1098,Austria,2015,Y20-64,0.08,3918
1099,Austria,2016,Y20-64,0.08,3998
1100,Austria,2017,Y20-64,0.08,4048
1101,Austria,2018,Y20-64,0.09,4102
1102,Austria,2019,Y20-64,0.09,4148
1103,Austria,2020,Y20-64,0.08,4052
1104,Austria,2021,Y20-64,0.09,4102
1105,Belgium,2009,Y20-64,0.12,4345
1106,Belgium,2010,Y20-64,0.12,4413
1107,Belgium,2011,Y20-64,0.11,4427
1108,Belgium,2012,Y20-64,0.11,4441
1109,Belgium,2013,Y20-64,0.1,4454
1110,Belgium,2014,Y20-64,0.09,4466
1111,Belgium,2015,Y20-64,0.08,4468
1112,Belgium,2016,Y20-64,0.09,4508
1113,Belgium,2017,Y20-64,0.09,4550
1114,Belgium,2018,Y20-64,0.08,4646
1115,Belgium,2019,Y20-64,0.08,4708
1116,Belgium,2020,Y20-64,0.08,4664
1117,Belgium,2021,Y20-64,0.07,4735
1118,Bulgaria,2009,Y20-64,0.09,3148
1119,Bulgaria,2010,Y20-64,0.08,2993
1120,Bulgaria,2011,Y20-64,0.06,2889
1121,Bulgaria,2012,Y20-64,0.05,2854
1122,Bulgaria,2013,Y20-64,0.06,2852
1123,Bulgaria,2014,Y20-64,0.05,2888
1124,Bulgaria,2015,Y20-64,0.07,2934
1125,Bulgaria,2016,Y20-64,0.06,2914
1126,Bulgaria,2017,Y20-64,0.07,3029
1127,Bulgaria,2018,Y20-64,0.08,3025
1128,Bulgaria,2019,Y20-64,0.08,3091
1129,Bulgaria,2020,Y20-64,0.09,2985
1130,Bulgaria,2021,Y20-64,0.08,2977
1131,Cyprus,2009,Y20-64,0.15,367
1132,Cyprus,2010,Y20-64,0.13,379
1133,Cyprus,2011,Y20-64,0.12,384
1134,Cyprus,2012,Y20-64,0.11,373
1135,Cyprus,2013,Y20-64,0.11,355
1136,Cyprus,2014,Y20-64,0.08,353
1137,Cyprus,2015,Y20-64,0.08,348
1138,Cyprus,2016,Y20-64,0.1,352
1139,Cyprus,2017,Y20-64,0.1,368
1140,Cyprus,2018,Y20-64,0.1,387
1141,Cyprus,2019,Y20-64,0.12,400
1142,Cyprus,2020,Y20-64,0.12,402
1143,Cyprus,2021,Y20-64,0.12,414
1144,Czech Republic,2009,Y20-64,0.19,4825
1145,Czech Republic,2010,Y20-64,0.19,4785
1146,Czech Republic,2011,Y20-64,0.18,4775
1147,Czech Republic,2012,Y20-64,0.18,4791
1148,Czech Republic,2013,Y20-64,0.17,4829
1149,Czech Republic,2014,Y20-64,0.17,4862
1150,Czech Republic,2015,Y20-64,0.17,4913
1151,Czech Republic,2016,Y20-64,0.16,4995
1152,Czech Republic,2017,Y20-64,0.16,5071
1153,Czech Republic,2018,Y20-64,0.15,5124
1154,Czech Republic,2019,Y20-64,0.15,5126
1155,Czech Republic,2020,Y20-64,0.15,5066
1156,Czech Republic,2021,Y20-64,0.16,5046
1157,Germany,2009,Y20-64,0.1,36098
1158,Germany,2010,Y20-64,0.1,35750
1159,Germany,2011,Y20-64,0.11,36463
1160,Germany,2012,Y20-64,0.1,36794
1161,Germany,2013,Y20-64,0.09,37084
1162,Germany,2014,Y20-64,0.09,37369
1163,Germany,2015,Y20-64,0.08,37640
1164,Germany,2016,Y20-64,0.08,38548
1165,Germany,2017,Y20-64,0.08,38862
1166,Germany,2018,Y20-64,0.08,39025
1167,Germany,2019,Y20-64,0.08,39424
1168,Germany,2020,Y20-64,0.08,38589
1169,Germany,2021,Y20-64,0.07,39148
1170,Denmark,2009,Y20-64,0.06,2495
1171,Denmark,2010,Y20-64,0.06,2449
1172,Denmark,2011,Y20-64,0.07,2442
1173,Denmark,2012,Y20-64,0.07,2423
1174,Denmark,2013,Y20-64,0.07,2427
1175,Denmark,2014,Y20-64,0.07,2449
1176,Denmark,2015,Y20-64,0.07,2488
1177,Denmark,2016,Y20-64,0.07,2527
1178,Denmark,2017,Y20-64,0.07,2560
1179,Denmark,2018,Y20-64,0.07,2601
1180,Denmark,2019,Y20-64,0.07,2637
1181,Denmark,2020,Y20-64,0.07,2618
1182,Denmark,2021,Y20-64,0.06,2653
1183,Estonia,2009,Y20-64,0.01,572
1184,Estonia,2010,Y20-64,0.01,552
1185,Estonia,2011,Y20-64,0.05,581
1186,Estonia,2012,Y20-64,0.04,593
1187,Estonia,2013,Y20-64,0.05,599
1188,Estonia,2014,Y20-64,0.06,601
1189,Estonia,2015,Y20-64,0.06,606
1190,Estonia,2016,Y20-64,0.06,606
1191,Estonia,2017,Y20-64,0.05,618
1192,Estonia,2018,Y20-64,0.06,620
1193,Estonia,2019,Y20-64,0.06,625
1194,Estonia,2020,Y20-64,0.04,613
1195,Estonia,2021,Y20-64,0.03,611
1196,Greece,2009,Y20-64,0.27,4420
1197,Greece,2010,Y20-64,0.25,4260
1198,Greece,2011,Y20-64,0.23,3943
1199,Greece,2012,Y20-64,0.2,3591
1200,Greece,2013,Y20-64,0.19,3425
1201,Greece,2014,Y20-64,0.19,3450
1202,Greece,2015,Y20-64,0.18,3530
1203,Greece,2016,Y20-64,0.2,3577
1204,Greece,2017,Y20-64,0.21,3646
1205,Greece,2018,Y20-64,0.22,3709
1206,Greece,2019,Y20-64,0.21,3785
1207,Greece,2020,Y20-64,0.19,3593
1208,Greece,2021,Y20-64,0.19,3811
1209,Spain,2009,Y20-64,0.14,18753
1210,Spain,2010,Y20-64,0.13,18422
1211,Spain,2011,Y20-64,0.12,18147
1212,Spain,2012,Y20-64,0.1,17393
1213,Spain,2013,Y20-64,0.09,16927
1214,Spain,2014,Y20-64,0.1,17131
1215,Spain,2015,Y20-64,0.12,17634
1216,Spain,2016,Y20-64,0.12,18087
1217,Spain,2017,Y20-64,0.12,18531
1218,Spain,2018,Y20-64,0.12,19002
1219,Spain,2019,Y20-64,0.12,19417
1220,Spain,2020,Y20-64,0.11,18851
1221,Spain,2021,Y20-64,0.11,19367
1222,European Union,2009,Y20-64,0.13,180847
1223,European Union,2010,Y20-64,0.12,178773
1224,European Union,2011,Y20-64,0.12,179060
1225,European Union,2012,Y20-64,0.12,178261
1226,European Union,2013,Y20-64,0.11,177502
1227,European Union,2014,Y20-64,0.11,179049
1228,European Union,2015,Y20-64,0.11,181084
1229,European Union,2016,Y20-64,0.11,183839
1230,European Union,2017,Y20-64,0.11,186428
1231,European Union,2018,Y20-64,0.12,188473
1232,European Union,2019,Y20-64,0.11,190164
1233,European Union,2020,Y20-64,0.11,186917
1234,European Union,2021,Y20-64,0.1,189704
1235,Finland,2009,Y20-64,0.02,2325
1236,Finland,2010,Y20-64,0.03,2309
1237,Finland,2011,Y20-64,0.04,2326
1238,Finland,2012,Y20-64,0.04,2329
1239,Finland,2013,Y20-64,0.03,2306
1240,Finland,2014,Y20-64,0.02,2289
1241,Finland,2015,Y20-64,0.02,2269
1242,Finland,2016,Y20-64,0.03,2284
1243,Finland,2017,Y20-64,0.04,2303
1244,Finland,2018,Y20-64,0.04,2361
1245,Finland,2019,Y20-64,0.04,2378
1246,Finland,2020,Y20-64,0.03,2350
1247,Finland,2021,Y20-64,0.02,2388
1248,France,2009,Y20-64,0.08,25851
1249,France,2010,Y20-64,0.08,25900
1250,France,2011,Y20-64,0.08,25915
1251,France,2012,Y20-64,0.08,25961
1252,France,2013,Y20-64,0.07,25931
1253,France,2014,Y20-64,0.06,25957
1254,France,2015,Y20-64,0.06,25982
1255,France,2016,Y20-64,0.06,26055
1256,France,2017,Y20-64,0.07,26233
1257,France,2018,Y20-64,0.06,26441
1258,France,2019,Y20-64,0.06,26513
1259,France,2020,Y20-64,0.06,26402
1260,France,2021,Y20-64,0.06,26761
1261,Croatia,2009,Y20-64,0.12,1688
1262,Croatia,2010,Y20-64,0.12,1633
1263,Croatia,2011,Y20-64,0.12,1571
1264,Croatia,2012,Y20-64,0.11,1517
1265,Croatia,2013,Y20-64,0.09,1486
1266,Croatia,2014,Y20-64,0.1,1528
1267,Croatia,2015,Y20-64,0.09,1545
1268,Croatia,2016,Y20-64,0.09,1549
1269,Croatia,2017,Y20-64,0.11,1585
1270,Croatia,2018,Y20-64,0.1,1610
1271,Croatia,2019,Y20-64,0.1,1631
1272,Croatia,2020,Y20-64,0.11,1618
1273,Croatia,2021,Y20-64,0.1,1634
1274,Hungary,2009,Y20-64,0.07,3852
1275,Hungary,2010,Y20-64,0.07,3831
1276,Hungary,2011,Y20-64,0.07,3857
1277,Hungary,2012,Y20-64,0.07,3914
1278,Hungary,2013,Y20-64,0.08,3984
1279,Hungary,2014,Y20-64,0.1,4174
1280,Hungary,2015,Y20-64,0.1,4278
1281,Hungary,2016,Y20-64,0.1,4415
1282,Hungary,2017,Y20-64,0.11,4474
1283,Hungary,2018,Y20-64,0.11,4519
1284,Hungary,2019,Y20-64,0.11,4538
1285,Hungary,2020,Y20-64,0.11,4495
1286,Hungary,2021,Y20-64,0.1,4511
1287,Ireland,2009,Y20-64,0.1,1905
1288,Ireland,2010,Y20-64,0.09,1829
1289,Ireland,2011,Y20-64,0.09,1797
1290,Ireland,2012,Y20-64,0.09,1788
1291,Ireland,2013,Y20-64,0.11,1839
1292,Ireland,2014,Y20-64,0.12,1887
1293,Ireland,2015,Y20-64,0.12,1944
1294,Ireland,2016,Y20-64,0.13,2003
1295,Ireland,2017,Y20-64,0.12,2064
1296,Ireland,2018,Y20-64,0.12,2115
1297,Ireland,2019,Y20-64,0.12,2174
1298,Ireland,2020,Y20-64,0.12,2112
1299,Ireland,2021,Y20-64,0.1,2212
1300,Italy,2009,Y20-64,0.23,21983
1301,Italy,2010,Y20-64,0.23,21823
1302,Italy,2011,Y20-64,0.22,21920
1303,Italy,2012,Y20-64,0.21,21781
1304,Italy,2013,Y20-64,0.19,21343
1305,Italy,2014,Y20-64,0.19,21387
1306,Italy,2015,Y20-64,0.2,21557
1307,Italy,2016,Y20-64,0.2,21858
1308,Italy,2017,Y20-64,0.2,22064
1309,Italy,2018,Y20-64,0.2,22227
1310,Italy,2019,Y20-64,0.19,22337
1311,Italy,2020,Y20-64,0.2,21632
1312,Italy,2021,Y20-64,0.19,21760
1313,Lithuania,2009,Y20-64,0.0,1284
1314,Lithuania,2010,Y20-64,-0.01,1220
1315,Lithuania,2011,Y20-64,0.0,1221
1316,Lithuania,2012,Y20-64,0.01,1240
1317,Lithuania,2013,Y20-64,0.02,1258
1318,Lithuania,2014,Y20-64,0.02,1283
1319,Lithuania,2015,Y20-64,0.03,1296
1320,Lithuania,2016,Y20-64,0.02,1309
1321,Lithuania,2017,Y20-64,0.0,1296
1322,Lithuania,2018,Y20-64,0.02,1313
1323,Lithuania,2019,Y20-64,0.02,1314
1324,Lithuania,2020,Y20-64,0.02,1290
1325,Lithuania,2021,Y20-64,0.01,1302
1326,Luxembourg,2009,Y20-64,0.17,212
1327,Luxembourg,2010,Y20-64,0.17,216
1328,Luxembourg,2011,Y20-64,0.16,221
1329,Luxembourg,2012,Y20-64,0.14,231
1330,Luxembourg,2013,Y20-64,0.14,233
1331,Luxembourg,2014,Y20-64,0.12,240
1332,Luxembourg,2015,Y20-64,0.12,251
1333,Luxembourg,2016,Y20-64,0.11,257
1334,Luxembourg,2017,Y20-64,0.07,267
1335,Luxembourg,2018,Y20-64,0.08,275
1336,Luxembourg,2019,Y20-64,0.09,284
1337,Luxembourg,2020,Y20-64,0.08,287
1338,Luxembourg,2021,Y20-64,0.08,299
1339,Latvia,2009,Y20-64,0.0,865
1340,Latvia,2010,Y20-64,0.0,820
1341,Latvia,2011,Y20-64,0.02,833
1342,Latvia,2012,Y20-64,0.04,845
1343,Latvia,2013,Y20-64,0.04,858
1344,Latvia,2014,Y20-64,0.05,852
1345,Latvia,2015,Y20-64,0.05,862
1346,Latvia,2016,Y20-64,0.02,854
1347,Latvia,2017,Y20-64,0.04,854
1348,Latvia,2018,Y20-64,0.04,867
1349,Latvia,2019,Y20-64,0.03,862
1350,Latvia,2020,Y20-64,0.04,846
1351,Latvia,2021,Y20-64,0.05,817
1352,Malta,2009,Y20-64,0.38,152
1353,Malta,2010,Y20-64,0.36,155
1354,Malta,2011,Y20-64,0.35,159
1355,Malta,2012,Y20-64,0.31,166
1356,Malta,2013,Y20-64,0.28,174
1357,Malta,2014,Y20-64,0.27,182
1358,Malta,2015,Y20-64,0.27,189
1359,Malta,2016,Y20-64,0.26,200
1360,Malta,2017,Y20-64,0.24,212
1361,Malta,2018,Y20-64,0.22,229
1362,Malta,2019,Y20-64,0.2,245
1363,Malta,2020,Y20-64,0.18,252
1364,Malta,2021,Y20-64,0.17,258
1365,Netherlands,2009,Y20-64,0.13,7768
1366,Netherlands,2010,Y20-64,0.12,7711
1367,Netherlands,2011,Y20-64,0.11,7726
1368,Netherlands,2012,Y20-64,0.11,7750
1369,Netherlands,2013,Y20-64,0.1,7689
1370,Netherlands,2014,Y20-64,0.11,7620
1371,Netherlands,2015,Y20-64,0.1,7684
1372,Netherlands,2016,Y20-64,0.1,7775
1373,Netherlands,2017,Y20-64,0.1,7898
1374,Netherlands,2018,Y20-64,0.1,8031
1375,Netherlands,2019,Y20-64,0.09,8159
1376,Netherlands,2020,Y20-64,0.08,8183
1377,Netherlands,2021,Y20-64,0.08,8315
1378,Poland,2009,Y20-64,0.14,14926
1379,Poland,2010,Y20-64,0.13,14602
1380,Poland,2011,Y20-64,0.13,14732
1381,Poland,2012,Y20-64,0.14,14818
1382,Poland,2013,Y20-64,0.14,14826
1383,Poland,2014,Y20-64,0.14,15142
1384,Poland,2015,Y20-64,0.13,15406
1385,Poland,2016,Y20-64,0.13,15565
1386,Poland,2017,Y20-64,0.14,15789
1387,Poland,2018,Y20-64,0.14,15875
1388,Poland,2019,Y20-64,0.15,15853
1389,Poland,2020,Y20-64,0.15,15783
1390,Poland,2021,Y20-64,0.14,16169
1391,Portugal,2009,Y20-64,0.11,4360
1392,Portugal,2010,Y20-64,0.1,4309
1393,Portugal,2011,Y20-64,0.09,4277
1394,Portugal,2012,Y20-64,0.07,4083
1395,Portugal,2013,Y20-64,0.07,4004
1396,Portugal,2014,Y20-64,0.07,4127
1397,Portugal,2015,Y20-64,0.06,4201
1398,Portugal,2016,Y20-64,0.07,4269
1399,Portugal,2017,Y20-64,0.07,4423
1400,Portugal,2018,Y20-64,0.06,4532
1401,Portugal,2019,Y20-64,0.07,4571
1402,Portugal,2020,Y20-64,0.06,4496
1403,Portugal,2021,Y20-64,0.06,4599
1404,Romania,2009,Y20-64,0.18,7371
1405,Romania,2010,Y20-64,0.17,7139
1406,Romania,2011,Y20-64,0.16,7071
1407,Romania,2012,Y20-64,0.17,7135
1408,Romania,2013,Y20-64,0.17,7115
1409,Romania,2014,Y20-64,0.18,7218
1410,Romania,2015,Y20-64,0.18,7298
1411,Romania,2016,Y20-64,0.18,7349
1412,Romania,2017,Y20-64,0.17,7540
1413,Romania,2018,Y20-64,0.18,7581
1414,Romania,2019,Y20-64,0.2,7638
1415,Romania,2020,Y20-64,0.2,7547
1416,Romania,2021,Y20-64,0.2,7625
1417,Sweden,2009,Y20-64,0.05,4213
1418,Sweden,2010,Y20-64,0.07,4228
1419,Sweden,2011,Y20-64,0.06,4324
1420,Sweden,2012,Y20-64,0.06,4349
1421,Sweden,2013,Y20-64,0.06,4391
1422,Sweden,2014,Y20-64,0.05,4433
1423,Sweden,2015,Y20-64,0.04,4492
1424,Sweden,2016,Y20-64,0.05,4567
1425,Sweden,2017,Y20-64,0.04,4654
1426,Sweden,2018,Y20-64,0.05,4720
1427,Sweden,2019,Y20-64,0.05,4740
1428,Sweden,2020,Y20-64,0.06,4685
1429,Sweden,2021,Y20-64,0.05,4726
1430,Slovenia,2009,Y20-64,0.07,933
1431,Slovenia,2010,Y20-64,0.07,918
1432,Slovenia,2011,Y20-64,0.07,894
1433,Slovenia,2012,Y20-64,0.07,891
1434,Slovenia,2013,Y20-64,0.08,871
1435,Slovenia,2014,Y20-64,0.08,875
1436,Slovenia,2015,Y20-64,0.09,883
1437,Slovenia,2016,Y20-64,0.07,888
1438,Slovenia,2017,Y20-64,0.07,924
1439,Slovenia,2018,Y20-64,0.07,943
1440,Slovenia,2019,Y20-64,0.07,953
1441,Slovenia,2020,Y20-64,0.06,948
1442,Slovenia,2021,Y20-64,0.06,946
1443,Slovakia,2009,Y20-64,0.12,2412
1444,Slovakia,2010,Y20-64,0.1,2365
1445,Slovakia,2011,Y20-64,0.1,2362
1446,Slovakia,2012,Y20-64,0.1,2375
1447,Slovakia,2013,Y20-64,0.1,2377
1448,Slovakia,2014,Y20-64,0.1,2408
1449,Slovakia,2015,Y20-64,0.09,2466
1450,Slovakia,2016,Y20-64,0.09,2532
1451,Slovakia,2017,Y20-64,0.08,2564
1452,Slovakia,2018,Y20-64,0.09,2593
1453,Slovakia,2019,Y20-64,0.07,2609
1454,Slovakia,2020,Y20-64,0.07,2556
1455,Slovakia,2021,Y20-64,0.09,2516
1456,Austria,2009,Y25-54,0.09,3018
1457,Austria,2010,Y25-54,0.09,3035
1458,Austria,2011,Y25-54,0.08,3063
1459,Austria,2012,Y25-54,0.08,3072
1460,Austria,2013,Y25-54,0.08,3067
1461,Austria,2014,Y25-54,0.07,3061
1462,Austria,2015,Y25-54,0.07,3077
1463,Austria,2016,Y25-54,0.06,3103
1464,Austria,2017,Y25-54,0.06,3120
1465,Austria,2018,Y25-54,0.07,3126
1466,Austria,2019,Y25-54,0.06,3145
1467,Austria,2020,Y25-54,0.06,3053
1468,Austria,2021,Y25-54,0.06,3069
1469,Belgium,2009,Y25-54,0.12,3597
1470,Belgium,2010,Y25-54,0.12,3619
1471,Belgium,2011,Y25-54,0.11,3601
1472,Belgium,2012,Y25-54,0.1,3603
1473,Belgium,2013,Y25-54,0.1,3593
1474,Belgium,2014,Y25-54,0.08,3592
1475,Belgium,2015,Y25-54,0.08,3564
1476,Belgium,2016,Y25-54,0.1,3586
1477,Belgium,2017,Y25-54,0.09,3590
1478,Belgium,2018,Y25-54,0.08,3632
1479,Belgium,2019,Y25-54,0.08,3644
1480,Belgium,2020,Y25-54,0.08,3600
1481,Belgium,2021,Y25-54,0.08,3635
1482,Bulgaria,2009,Y25-54,0.08,2475
1483,Bulgaria,2010,Y25-54,0.06,2306
1484,Bulgaria,2011,Y25-54,0.03,2230
1485,Bulgaria,2012,Y25-54,0.02,2205
1486,Bulgaria,2013,Y25-54,0.04,2202
1487,Bulgaria,2014,Y25-54,0.05,2233
1488,Bulgaria,2015,Y25-54,0.05,2270
1489,Bulgaria,2016,Y25-54,0.06,2254
1490,Bulgaria,2017,Y25-54,0.07,2324
1491,Bulgaria,2018,Y25-54,0.06,2322
1492,Bulgaria,2019,Y25-54,0.08,2356
1493,Bulgaria,2020,Y25-54,0.08,2274
1494,Bulgaria,2021,Y25-54,0.07,2284
1495,Cyprus,2009,Y25-54,0.13,286
1496,Cyprus,2010,Y25-54,0.11,295
1497,Cyprus,2011,Y25-54,0.09,303
1498,Cyprus,2012,Y25-54,0.09,297
1499,Cyprus,2013,Y25-54,0.09,285
1500,Cyprus,2014,Y25-54,0.07,284
1501,Cyprus,2015,Y25-54,0.08,278
1502,Cyprus,2016,Y25-54,0.1,278
1503,Cyprus,2017,Y25-54,0.1,288
1504,Cyprus,2018,Y25-54,0.11,297
1505,Cyprus,2019,Y25-54,0.11,310
1506,Cyprus,2020,Y25-54,0.11,312
1507,Cyprus,2021,Y25-54,0.11,318
1508,Czech Republic,2009,Y25-54,0.16,3812
1509,Czech Republic,2010,Y25-54,0.17,3789
1510,Czech Republic,2011,Y25-54,0.17,3781
1511,Czech Republic,2012,Y25-54,0.16,3780
1512,Czech Republic,2013,Y25-54,0.15,3802
1513,Czech Republic,2014,Y25-54,0.16,3816
1514,Czech Republic,2015,Y25-54,0.15,3860
1515,Czech Republic,2016,Y25-54,0.15,3926
1516,Czech Republic,2017,Y25-54,0.15,3977
1517,Czech Republic,2018,Y25-54,0.14,4015
1518,Czech Republic,2019,Y25-54,0.14,4010
1519,Czech Republic,2020,Y25-54,0.15,3957
1520,Czech Republic,2021,Y25-54,0.16,3924
1521,Germany,2009,Y25-54,0.11,27728
1522,Germany,2010,Y25-54,0.11,27290
1523,Germany,2011,Y25-54,0.1,27471
1524,Germany,2012,Y25-54,0.1,27556
1525,Germany,2013,Y25-54,0.09,27521
1526,Germany,2014,Y25-54,0.09,27559
1527,Germany,2015,Y25-54,0.09,27685
1528,Germany,2016,Y25-54,0.08,28120
1529,Germany,2017,Y25-54,0.08,28050
1530,Germany,2018,Y25-54,0.08,27762
1531,Germany,2019,Y25-54,0.08,27712
1532,Germany,2020,Y25-54,0.08,26735
1533,Germany,2021,Y25-54,0.07,26913
1534,Denmark,2009,Y25-54,0.04,1875
1535,Denmark,2010,Y25-54,0.05,1834
1536,Denmark,2011,Y25-54,0.08,1821
1537,Denmark,2012,Y25-54,0.05,1801
1538,Denmark,2013,Y25-54,0.06,1798
1539,Denmark,2014,Y25-54,0.07,1800
1540,Denmark,2015,Y25-54,0.07,1814
1541,Denmark,2016,Y25-54,0.09,1826
1542,Denmark,2017,Y25-54,0.07,1831
1543,Denmark,2018,Y25-54,0.08,1857
1544,Denmark,2019,Y25-54,0.07,1865
1545,Denmark,2020,Y25-54,0.08,1845
1546,Denmark,2021,Y25-54,0.07,1863
1547,Estonia,2009,Y25-54,0.0,429
1548,Estonia,2010,Y25-54,0.0,421
1549,Estonia,2011,Y25-54,0.06,436
1550,Estonia,2012,Y25-54,0.05,444
1551,Estonia,2013,Y25-54,0.07,446
1552,Estonia,2014,Y25-54,0.08,447
1553,Estonia,2015,Y25-54,0.08,455
1554,Estonia,2016,Y25-54,0.09,453
1555,Estonia,2017,Y25-54,0.07,459
1556,Estonia,2018,Y25-54,0.08,460
1557,Estonia,2019,Y25-54,0.08,461
1558,Estonia,2020,Y25-54,0.07,454
1559,Estonia,2021,Y25-54,0.06,453
1560,Greece,2009,Y25-54,0.26,3638
1561,Greece,2010,Y25-54,0.25,3503
1562,Greece,2011,Y25-54,0.23,3263
1563,Greece,2012,Y25-54,0.21,2986
1564,Greece,2013,Y25-54,0.2,2840
1565,Greece,2014,Y25-54,0.19,2869
1566,Greece,2015,Y25-54,0.19,2942
1567,Greece,2016,Y25-54,0.21,2965
1568,Greece,2017,Y25-54,0.22,2994
1569,Greece,2018,Y25-54,0.23,3017
1570,Greece,2019,Y25-54,0.21,3053
1571,Greece,2020,Y25-54,0.2,2874
1572,Greece,2021,Y25-54,0.2,3003
1573,Spain,2009,Y25-54,0.13,15376
1574,Spain,2010,Y25-54,0.12,15174
1575,Spain,2011,Y25-54,0.12,14955
1576,Spain,2012,Y25-54,0.09,14335
1577,Spain,2013,Y25-54,0.09,13944
1578,Spain,2014,Y25-54,0.1,14067
1579,Spain,2015,Y25-54,0.11,14320
1580,Spain,2016,Y25-54,0.11,14571
1581,Spain,2017,Y25-54,0.12,14786
1582,Spain,2018,Y25-54,0.12,15032
1583,Spain,2019,Y25-54,0.12,15214
1584,Spain,2020,Y25-54,0.12,14609
1585,Spain,2021,Y25-54,0.11,14882
1586,European Union,2009,Y25-54,0.13,144612
1587,European Union,2010,Y25-54,0.13,142384
1588,European Union,2011,Y25-54,0.13,141766
1589,European Union,2012,Y25-54,0.12,140353
1590,European Union,2013,Y25-54,0.11,138928
1591,European Union,2014,Y25-54,0.11,139372
1592,European Union,2015,Y25-54,0.11,140177
1593,European Union,2016,Y25-54,0.11,141394
1594,European Union,2017,Y25-54,0.11,142342
1595,European Union,2018,Y25-54,0.11,142856
1596,European Union,2019,Y25-54,0.11,143235
1597,European Union,2020,Y25-54,0.1,140007
1598,European Union,2021,Y25-54,0.11,141258
1599,Finland,2009,Y25-54,0.03,1718
1600,Finland,2010,Y25-54,0.05,1691
1601,Finland,2011,Y25-54,0.06,1700
1602,Finland,2012,Y25-54,0.06,1690
1603,Finland,2013,Y25-54,0.06,1672
1604,Finland,2014,Y25-54,0.05,1661
1605,Finland,2015,Y25-54,0.05,1646
1606,Finland,2016,Y25-54,0.06,1647
1607,Finland,2017,Y25-54,0.05,1662
1608,Finland,2018,Y25-54,0.06,1699
1609,Finland,2019,Y25-54,0.06,1712
1610,Finland,2020,Y25-54,0.05,1697
1611,Finland,2021,Y25-54,0.03,1717
1612,France,2009,Y25-54,0.09,20825
1613,France,2010,Y25-54,0.08,20762
1614,France,2011,Y25-54,0.09,20627
1615,France,2012,Y25-54,0.08,20466
1616,France,2013,Y25-54,0.07,20374
1617,France,2014,Y25-54,0.07,20301
1618,France,2015,Y25-54,0.06,20141
1619,France,2016,Y25-54,0.07,20138
1620,France,2017,Y25-54,0.08,20152
1621,France,2018,Y25-54,0.07,20189
1622,France,2019,Y25-54,0.07,20155
1623,France,2020,Y25-54,0.07,20009
1624,France,2021,Y25-54,0.08,20087
1625,Croatia,2009,Y25-54,0.09,1353
1626,Croatia,2010,Y25-54,0.07,1303
1627,Croatia,2011,Y25-54,0.09,1255
1628,Croatia,2012,Y25-54,0.08,1218
1629,Croatia,2013,Y25-54,0.07,1193
1630,Croatia,2014,Y25-54,0.06,1233
1631,Croatia,2015,Y25-54,0.06,1231
1632,Croatia,2016,Y25-54,0.08,1216
1633,Croatia,2017,Y25-54,0.08,1241
1634,Croatia,2018,Y25-54,0.06,1257
1635,Croatia,2019,Y25-54,0.07,1263
1636,Croatia,2020,Y25-54,0.08,1245
1637,Croatia,2021,Y25-54,0.08,1247
1638,Hungary,2009,Y25-54,0.05,3213
1639,Hungary,2010,Y25-54,0.05,3158
1640,Hungary,2011,Y25-54,0.07,3154
1641,Hungary,2012,Y25-54,0.05,3192
1642,Hungary,2013,Y25-54,0.05,3225
1643,Hungary,2014,Y25-54,0.06,3339
1644,Hungary,2015,Y25-54,0.07,3390
1645,Hungary,2016,Y25-54,0.06,3460
1646,Hungary,2017,Y25-54,0.07,3510
1647,Hungary,2018,Y25-54,0.06,3544
1648,Hungary,2019,Y25-54,0.07,3576
1649,Hungary,2020,Y25-54,0.08,3533
1650,Hungary,2021,Y25-54,0.07,3545
1651,Ireland,2009,Y25-54,0.12,1451
1652,Ireland,2010,Y25-54,0.1,1414
1653,Ireland,2011,Y25-54,0.1,1399
1654,Ireland,2012,Y25-54,0.11,1403
1655,Ireland,2013,Y25-54,0.11,1435
1656,Ireland,2014,Y25-54,0.12,1469
1657,Ireland,2015,Y25-54,0.13,1504
1658,Ireland,2016,Y25-54,0.12,1536
1659,Ireland,2017,Y25-54,0.12,1586
1660,Ireland,2018,Y25-54,0.13,1614
1661,Ireland,2019,Y25-54,0.13,1646
1662,Ireland,2020,Y25-54,0.14,1600
1663,Ireland,2021,Y25-54,0.11,1662
1664,Italy,2009,Y25-54,0.25,18309
1665,Italy,2010,Y25-54,0.25,18091
1666,Italy,2011,Y25-54,0.24,18084
1667,Italy,2012,Y25-54,0.22,17804
1668,Italy,2013,Y25-54,0.2,17288
1669,Italy,2014,Y25-54,0.21,17093
1670,Italy,2015,Y25-54,0.2,17089
1671,Italy,2016,Y25-54,0.21,17131
1672,Italy,2017,Y25-54,0.21,17100
1673,Italy,2018,Y25-54,0.2,17026
1674,Italy,2019,Y25-54,0.21,16936
1675,Italy,2020,Y25-54,0.21,16262
1676,Italy,2021,Y25-54,0.2,16249
1677,Lithuania,2009,Y25-54,-0.04,1018
1678,Lithuania,2010,Y25-54,-0.05,973
1679,Lithuania,2011,Y25-54,-0.02,969
1680,Lithuania,2012,Y25-54,-0.01,972
1681,Lithuania,2013,Y25-54,0.01,971
1682,Lithuania,2014,Y25-54,0.0,971
1683,Lithuania,2015,Y25-54,0.01,965
1684,Lithuania,2016,Y25-54,0.0,960
1685,Lithuania,2017,Y25-54,-0.01,944
1686,Lithuania,2018,Y25-54,0.01,948
1687,Lithuania,2019,Y25-54,0.0,948
1688,Lithuania,2020,Y25-54,0.01,935
1689,Lithuania,2021,Y25-54,0.01,941
1690,Luxembourg,2009,Y25-54,0.2,180
1691,Luxembourg,2010,Y25-54,0.19,186
1692,Luxembourg,2011,Y25-54,0.18,189
1693,Luxembourg,2012,Y25-54,0.16,197
1694,Luxembourg,2013,Y25-54,0.14,199
1695,Luxembourg,2014,Y25-54,0.13,205
1696,Luxembourg,2015,Y25-54,0.13,211
1697,Luxembourg,2016,Y25-54,0.12,217
1698,Luxembourg,2017,Y25-54,0.07,224
1699,Luxembourg,2018,Y25-54,0.08,230
1700,Luxembourg,2019,Y25-54,0.09,235
1701,Luxembourg,2020,Y25-54,0.08,239
1702,Luxembourg,2021,Y25-54,0.07,245
1703,Latvia,2009,Y25-54,-0.01,659
1704,Latvia,2010,Y25-54,-0.02,634
1705,Latvia,2011,Y25-54,0.0,641
1706,Latvia,2012,Y25-54,0.02,644
1707,Latvia,2013,Y25-54,0.04,652
1708,Latvia,2014,Y25-54,0.04,642
1709,Latvia,2015,Y25-54,0.04,642
1710,Latvia,2016,Y25-54,0.03,636
1711,Latvia,2017,Y25-54,0.04,636
1712,Latvia,2018,Y25-54,0.03,640
1713,Latvia,2019,Y25-54,0.04,635
1714,Latvia,2020,Y25-54,0.04,618
1715,Latvia,2021,Y25-54,0.05,596
1716,Malta,2009,Y25-54,0.43,116
1717,Malta,2010,Y25-54,0.41,117
1718,Malta,2011,Y25-54,0.39,120
1719,Malta,2012,Y25-54,0.34,126
1720,Malta,2013,Y25-54,0.3,131
1721,Malta,2014,Y25-54,0.28,138
1722,Malta,2015,Y25-54,0.28,144
1723,Malta,2016,Y25-54,0.25,152
1724,Malta,2017,Y25-54,0.23,163
1725,Malta,2018,Y25-54,0.22,176
1726,Malta,2019,Y25-54,0.2,191
1727,Malta,2020,Y25-54,0.17,198
1728,Malta,2021,Y25-54,0.15,207
1729,Netherlands,2009,Y25-54,0.13,5878
1730,Netherlands,2010,Y25-54,0.11,5801
1731,Netherlands,2011,Y25-54,0.12,5739
1732,Netherlands,2012,Y25-54,0.11,5712
1733,Netherlands,2013,Y25-54,0.09,5617
1734,Netherlands,2014,Y25-54,0.1,5542
1735,Netherlands,2015,Y25-54,0.11,5533
1736,Netherlands,2016,Y25-54,0.1,5572
1737,Netherlands,2017,Y25-54,0.09,5611
1738,Netherlands,2018,Y25-54,0.09,5668
1739,Netherlands,2019,Y25-54,0.08,5702
1740,Netherlands,2020,Y25-54,0.07,5691
1741,Netherlands,2021,Y25-54,0.08,5748
1742,Poland,2009,Y25-54,0.12,12281
1743,Poland,2010,Y25-54,0.1,11848
1744,Poland,2011,Y25-54,0.1,11866
1745,Poland,2012,Y25-54,0.11,11855
1746,Poland,2013,Y25-54,0.11,11769
1747,Poland,2014,Y25-54,0.11,11920
1748,Poland,2015,Y25-54,0.1,12078
1749,Poland,2016,Y25-54,0.11,12146
1750,Poland,2017,Y25-54,0.11,12298
1751,Poland,2018,Y25-54,0.11,12397
1752,Poland,2019,Y25-54,0.12,12420
1753,Poland,2020,Y25-54,0.12,12453
1754,Poland,2021,Y25-54,0.1,12767
1755,Portugal,2009,Y25-54,0.1,3515
1756,Portugal,2010,Y25-54,0.09,3487
1757,Portugal,2011,Y25-54,0.08,3470
1758,Portugal,2012,Y25-54,0.07,3327
1759,Portugal,2013,Y25-54,0.05,3246
1760,Portugal,2014,Y25-54,0.06,3333
1761,Portugal,2015,Y25-54,0.05,3359
1762,Portugal,2016,Y25-54,0.05,3377
1763,Portugal,2017,Y25-54,0.06,3442
1764,Portugal,2018,Y25-54,0.06,3480
1765,Portugal,2019,Y25-54,0.06,3485
1766,Portugal,2020,Y25-54,0.04,3429
1767,Portugal,2021,Y25-54,0.05,3463
1768,Romania,2009,Y25-54,0.17,6073
1769,Romania,2010,Y25-54,0.17,5917
1770,Romania,2011,Y25-54,0.16,5858
1771,Romania,2012,Y25-54,0.16,5880
1772,Romania,2013,Y25-54,0.16,5863
1773,Romania,2014,Y25-54,0.16,5946
1774,Romania,2015,Y25-54,0.16,6039
1775,Romania,2016,Y25-54,0.16,6074
1776,Romania,2017,Y25-54,0.16,6211
1777,Romania,2018,Y25-54,0.17,6236
1778,Romania,2019,Y25-54,0.17,6283
1779,Romania,2020,Y25-54,0.18,6204
1780,Romania,2021,Y25-54,0.19,6272
1781,Sweden,2009,Y25-54,0.05,3041
1782,Sweden,2010,Y25-54,0.07,3044
1783,Sweden,2011,Y25-54,0.07,3104
1784,Sweden,2012,Y25-54,0.05,3128
1785,Sweden,2013,Y25-54,0.06,3161
1786,Sweden,2014,Y25-54,0.06,3198
1787,Sweden,2015,Y25-54,0.06,3252
1788,Sweden,2016,Y25-54,0.05,3318
1789,Sweden,2017,Y25-54,0.05,3395
1790,Sweden,2018,Y25-54,0.05,3451
1791,Sweden,2019,Y25-54,0.06,3476
1792,Sweden,2020,Y25-54,0.06,3431
1793,Sweden,2021,Y25-54,0.07,3450
1794,Slovenia,2009,Y25-54,0.03,774
1795,Slovenia,2010,Y25-54,0.03,759
1796,Slovenia,2011,Y25-54,0.03,747
1797,Slovenia,2012,Y25-54,0.05,744
1798,Slovenia,2013,Y25-54,0.05,727
1799,Slovenia,2014,Y25-54,0.06,726
1800,Slovenia,2015,Y25-54,0.06,728
1801,Slovenia,2016,Y25-54,0.04,726
1802,Slovenia,2017,Y25-54,0.05,743
1803,Slovenia,2018,Y25-54,0.05,748
1804,Slovenia,2019,Y25-54,0.04,755
1805,Slovenia,2020,Y25-54,0.04,749
1806,Slovenia,2021,Y25-54,0.05,738
1807,Slovakia,2009,Y25-54,0.08,1976
1808,Slovakia,2010,Y25-54,0.06,1932
1809,Slovakia,2011,Y25-54,0.07,1923
1810,Slovakia,2012,Y25-54,0.08,1918
1811,Slovakia,2013,Y25-54,0.08,1908
1812,Slovakia,2014,Y25-54,0.08,1926
1813,Slovakia,2015,Y25-54,0.09,1959
1814,Slovakia,2016,Y25-54,0.07,2007
1815,Slovakia,2017,Y25-54,0.07,2006
1816,Slovakia,2018,Y25-54,0.07,2035
1817,Slovakia,2019,Y25-54,0.07,2049
1818,Slovakia,2020,Y25-54,0.07,2003
1819,Slovakia,2021,Y25-54,0.08,1982
1820,Austria,2009,Y55-64,0.19,366
1821,Austria,2010,Y55-64,0.17,389
1822,Austria,2011,Y55-64,0.16,391
1823,Austria,2012,Y55-64,0.16,415
1824,Austria,2013,Y55-64,0.18,442
1825,Austria,2014,Y55-64,0.18,465
1826,Austria,2015,Y55-64,0.15,490
1827,Austria,2016,Y55-64,0.17,538
1828,Austria,2017,Y55-64,0.17,582
1829,Austria,2018,Y55-64,0.19,635
1830,Austria,2019,Y55-64,0.17,663
1831,Austria,2020,Y55-64,0.16,682
1832,Austria,2021,Y55-64,0.15,713
1833,Belgium,2009,Y55-64,0.15,461
1834,Belgium,2010,Y55-64,0.17,500
1835,Belgium,2011,Y55-64,0.14,526
1836,Belgium,2012,Y55-64,0.13,541
1837,Belgium,2013,Y55-64,0.12,578
1838,Belgium,2014,Y55-64,0.11,599
1839,Belgium,2015,Y55-64,0.1,628
1840,Belgium,2016,Y55-64,0.11,658
1841,Belgium,2017,Y55-64,0.11,704
1842,Belgium,2018,Y55-64,0.09,745
1843,Belgium,2019,Y55-64,0.1,783
1844,Belgium,2020,Y55-64,0.1,809
1845,Belgium,2021,Y55-64,0.09,837
1846,Bulgaria,2009,Y55-64,0.15,445
1847,Bulgaria,2010,Y55-64,0.13,469
1848,Bulgaria,2011,Y55-64,0.11,467
1849,Bulgaria,2012,Y55-64,0.09,472
1850,Bulgaria,2013,Y55-64,0.08,485
1851,Bulgaria,2014,Y55-64,0.09,504
1852,Bulgaria,2015,Y55-64,0.07,523
1853,Bulgaria,2016,Y55-64,0.07,529
1854,Bulgaria,2017,Y55-64,0.08,561
1855,Bulgaria,2018,Y55-64,0.09,578
1856,Bulgaria,2019,Y55-64,0.09,606
1857,Bulgaria,2020,Y55-64,0.09,597
1858,Bulgaria,2021,Y55-64,0.1,599
1859,Cyprus,2009,Y55-64,0.3,49
1860,Cyprus,2010,Y55-64,0.28,52
1861,Cyprus,2011,Y55-64,0.28,52
1862,Cyprus,2012,Y55-64,0.26,48
1863,Cyprus,2013,Y55-64,0.23,47
1864,Cyprus,2014,Y55-64,0.2,44
1865,Cyprus,2015,Y55-64,0.18,47
1866,Cyprus,2016,Y55-64,0.17,51
1867,Cyprus,2017,Y55-64,0.19,55
1868,Cyprus,2018,Y55-64,0.18,62
1869,Cyprus,2019,Y55-64,0.21,63
1870,Cyprus,2020,Y55-64,0.24,64
1871,Cyprus,2021,Y55-64,0.23,67
1872,Czech Republic,2009,Y55-64,0.25,692
1873,Czech Republic,2010,Y55-64,0.22,693
1874,Czech Republic,2011,Y55-64,0.22,713
1875,Czech Republic,2012,Y55-64,0.21,729
1876,Czech Republic,2013,Y55-64,0.21,750
1877,Czech Republic,2014,Y55-64,0.21,768
1878,Czech Republic,2015,Y55-64,0.2,771
1879,Czech Republic,2016,Y55-64,0.19,795
1880,Czech Republic,2017,Y55-64,0.19,826
1881,Czech Republic,2018,Y55-64,0.17,854
1882,Czech Republic,2019,Y55-64,0.16,871
1883,Czech Republic,2020,Y55-64,0.14,888
1884,Czech Republic,2021,Y55-64,0.13,900
1885,Germany,2009,Y55-64,0.15,5394
1886,Germany,2010,Y55-64,0.14,5559
1887,Germany,2011,Y55-64,0.14,5954
1888,Germany,2012,Y55-64,0.14,6283
1889,Germany,2013,Y55-64,0.12,6660
1890,Germany,2014,Y55-64,0.11,6986
1891,Germany,2015,Y55-64,0.1,7225
1892,Germany,2016,Y55-64,0.1,7673
1893,Germany,2017,Y55-64,0.1,7998
1894,Germany,2018,Y55-64,0.09,8408
1895,Germany,2019,Y55-64,0.09,8785
1896,Germany,2020,Y55-64,0.07,8907
1897,Germany,2021,Y55-64,0.08,9211
1898,Denmark,2009,Y55-64,0.13,397
1899,Denmark,2010,Y55-64,0.1,400
1900,Denmark,2011,Y55-64,0.1,402
1901,Denmark,2012,Y55-64,0.1,405
1902,Denmark,2013,Y55-64,0.1,408
1903,Denmark,2014,Y55-64,0.11,421
1904,Denmark,2015,Y55-64,0.1,437
1905,Denmark,2016,Y55-64,0.08,460
1906,Denmark,2017,Y55-64,0.08,481
1907,Denmark,2018,Y55-64,0.09,493
1908,Denmark,2019,Y55-64,0.09,518
1909,Denmark,2020,Y55-64,0.09,529
1910,Denmark,2021,Y55-64,0.08,545
1911,Estonia,2009,Y55-64,-0.02,95
1912,Estonia,2010,Y55-64,-0.03,87
1913,Estonia,2011,Y55-64,-0.01,96
1914,Estonia,2012,Y55-64,-0.03,102
1915,Estonia,2013,Y55-64,-0.03,107
1916,Estonia,2014,Y55-64,0.02,109
1917,Estonia,2015,Y55-64,-0.02,109
1918,Estonia,2016,Y55-64,-0.02,111
1919,Estonia,2017,Y55-64,-0.03,116
1920,Estonia,2018,Y55-64,-0.05,118
1921,Estonia,2019,Y55-64,-0.05,124
1922,Estonia,2020,Y55-64,-0.06,123
1923,Estonia,2021,Y55-64,-0.03,122
1924,Greece,2009,Y55-64,0.3,546
1925,Greece,2010,Y55-64,0.28,549
1926,Greece,2011,Y55-64,0.25,515
1927,Greece,2012,Y55-64,0.22,476
1928,Greece,2013,Y55-64,0.2,467
1929,Greece,2014,Y55-64,0.19,452
1930,Greece,2015,Y55-64,0.21,461
1931,Greece,2016,Y55-64,0.19,490
1932,Greece,2017,Y55-64,0.22,521
1933,Greece,2018,Y55-64,0.23,563
1934,Greece,2019,Y55-64,0.25,597
1935,Greece,2020,Y55-64,0.23,596
1936,Greece,2021,Y55-64,0.24,681
1937,Spain,2009,Y55-64,0.24,2185
1938,Spain,2010,Y55-64,0.22,2190
1939,Spain,2011,Y55-64,0.18,2274
1940,Spain,2012,Y55-64,0.16,2289
1941,Spain,2013,Y55-64,0.14,2295
1942,Spain,2014,Y55-64,0.13,2395
1943,Spain,2015,Y55-64,0.14,2595
1944,Spain,2016,Y55-64,0.13,2791
1945,Spain,2017,Y55-64,0.14,2942
1946,Spain,2018,Y55-64,0.15,3115
1947,Spain,2019,Y55-64,0.14,3315
1948,Spain,2020,Y55-64,0.14,3465
1949,Spain,2021,Y55-64,0.13,3616
1950,European Union,2009,Y55-64,0.17,23012
1951,European Union,2010,Y55-64,0.16,23779
1952,European Union,2011,Y55-64,0.14,24947
1953,European Union,2012,Y55-64,0.14,26046
1954,European Union,2013,Y55-64,0.14,27098
1955,European Union,2014,Y55-64,0.13,28313
1956,European Union,2015,Y55-64,0.13,29509
1957,European Union,2016,Y55-64,0.13,30956
1958,European Union,2017,Y55-64,0.13,32359
1959,European Union,2018,Y55-64,0.13,33710
1960,European Union,2019,Y55-64,0.13,34886
1961,European Union,2020,Y55-64,0.12,35517
1962,European Union,2021,Y55-64,0.13,36633
1963,Finland,2009,Y55-64,-0.02,426
1964,Finland,2010,Y55-64,-0.01,438
1965,Finland,2011,Y55-64,0.0,439
1966,Finland,2012,Y55-64,-0.03,444
1967,Finland,2013,Y55-64,-0.04,441
1968,Finland,2014,Y55-64,-0.05,439
1969,Finland,2015,Y55-64,-0.05,439
1970,Finland,2016,Y55-64,-0.03,448
1971,Finland,2017,Y55-64,-0.01,454
1972,Finland,2018,Y55-64,-0.02,472
1973,Finland,2019,Y55-64,-0.04,481
1974,Finland,2020,Y55-64,-0.01,485
1975,Finland,2021,Y55-64,-0.01,494
1976,France,2009,Y55-64,0.04,3164
1977,France,2010,Y55-64,0.04,3314
1978,France,2011,Y55-64,0.04,3493
1979,France,2012,Y55-64,0.04,3755
1980,France,2013,Y55-64,0.04,3843
1981,France,2014,Y55-64,0.02,3955
1982,France,2015,Y55-64,0.02,4109
1983,France,2016,Y55-64,0.02,4205
1984,France,2017,Y55-64,0.01,4337
1985,France,2018,Y55-64,0.02,4439
1986,France,2019,Y55-64,0.03,4544
1987,France,2020,Y55-64,0.03,4631
1988,France,2021,Y55-64,0.04,4722
1989,Croatia,2009,Y55-64,0.2,215
1990,Croatia,2010,Y55-64,0.22,223
1991,Croatia,2011,Y55-64,0.22,225
1992,Croatia,2012,Y55-64,0.2,223
1993,Croatia,2013,Y55-64,0.14,226
1994,Croatia,2014,Y55-64,0.19,219
1995,Croatia,2015,Y55-64,0.17,236
1996,Croatia,2016,Y55-64,0.13,229
1997,Croatia,2017,Y55-64,0.17,242
1998,Croatia,2018,Y55-64,0.16,257
1999,Croatia,2019,Y55-64,0.17,263
2000,Croatia,2020,Y55-64,0.15,272
2001,Croatia,2021,Y55-64,0.12,291
2002,Hungary,2009,Y55-64,0.13,425
2003,Hungary,2010,Y55-64,0.1,460
2004,Hungary,2011,Y55-64,0.07,496
2005,Hungary,2012,Y55-64,0.09,513
2006,Hungary,2013,Y55-64,0.13,536
2007,Hungary,2014,Y55-64,0.15,583
2008,Hungary,2015,Y55-64,0.16,624
2009,Hungary,2016,Y55-64,0.18,673
2010,Hungary,2017,Y55-64,0.21,681
2011,Hungary,2018,Y55-64,0.21,696
2012,Hungary,2019,Y55-64,0.23,699
2013,Hungary,2020,Y55-64,0.23,707
2014,Hungary,2021,Y55-64,0.21,721
2015,Ireland,2009,Y55-64,0.19,228
2016,Ireland,2010,Y55-64,0.16,228
2017,Ireland,2011,Y55-64,0.14,231
2018,Ireland,2012,Y55-64,0.12,231
2019,Ireland,2013,Y55-64,0.15,243
2020,Ireland,2014,Y55-64,0.17,254
2021,Ireland,2015,Y55-64,0.19,273
2022,Ireland,2016,Y55-64,0.17,287
2023,Ireland,2017,Y55-64,0.16,302
2024,Ireland,2018,Y55-64,0.16,318
2025,Ireland,2019,Y55-64,0.16,334
2026,Ireland,2020,Y55-64,0.16,336
2027,Ireland,2021,Y55-64,0.13,354
2028,Italy,2009,Y55-64,0.21,2561
2029,Italy,2010,Y55-64,0.21,2669
2030,Italy,2011,Y55-64,0.2,2813
2031,Italy,2012,Y55-64,0.19,2992
2032,Italy,2013,Y55-64,0.19,3172
2033,Italy,2014,Y55-64,0.2,3451
2034,Italy,2015,Y55-64,0.21,3632
2035,Italy,2016,Y55-64,0.21,3842
2036,Italy,2017,Y55-64,0.2,4070
2037,Italy,2018,Y55-64,0.2,4282
2038,Italy,2019,Y55-64,0.2,4433
2039,Italy,2020,Y55-64,0.19,4492
2040,Italy,2021,Y55-64,0.19,4588
2041,Lithuania,2009,Y55-64,0.08,174
2042,Lithuania,2010,Y55-64,0.06,167
2043,Lithuania,2011,Y55-64,0.07,176
2044,Lithuania,2012,Y55-64,0.08,184
2045,Lithuania,2013,Y55-64,0.05,196
2046,Lithuania,2014,Y55-64,0.05,211
2047,Lithuania,2015,Y55-64,0.03,231
2048,Lithuania,2016,Y55-64,0.04,253
2049,Lithuania,2017,Y55-64,0.02,264
2050,Lithuania,2018,Y55-64,0.03,278
2051,Lithuania,2019,Y55-64,0.01,282
2052,Lithuania,2020,Y55-64,0.01,280
2053,Lithuania,2021,Y55-64,0.0,283
2054,Luxembourg,2009,Y55-64,0.17,19
2055,Luxembourg,2010,Y55-64,0.17,21
2056,Luxembourg,2011,Y55-64,0.16,22
2057,Luxembourg,2012,Y55-64,0.13,23
2058,Luxembourg,2013,Y55-64,0.16,23
2059,Luxembourg,2014,Y55-64,0.15,25
2060,Luxembourg,2015,Y55-64,0.09,25
2061,Luxembourg,2016,Y55-64,0.14,26
2062,Luxembourg,2017,Y55-64,0.11,27
2063,Luxembourg,2018,Y55-64,0.11,29
2064,Luxembourg,2019,Y55-64,0.12,32
2065,Luxembourg,2020,Y55-64,0.06,34
2066,Luxembourg,2021,Y55-64,0.1,37
2067,Latvia,2009,Y55-64,-0.02,126
2068,Latvia,2010,Y55-64,-0.01,116
2069,Latvia,2011,Y55-64,0.01,125
2070,Latvia,2012,Y55-64,0.01,133
2071,Latvia,2013,Y55-64,0.01,141
2072,Latvia,2014,Y55-64,0.0,146
2073,Latvia,2015,Y55-64,0.01,156
2074,Latvia,2016,Y55-64,0.0,162
2075,Latvia,2017,Y55-64,0.0,165
2076,Latvia,2018,Y55-64,0.01,175
2077,Latvia,2019,Y55-64,0.01,180
2078,Latvia,2020,Y55-64,0.01,182
2079,Latvia,2021,Y55-64,0.01,178
2080,Malta,2009,Y55-64,0.34,17
2081,Malta,2010,Y55-64,0.36,19
2082,Malta,2011,Y55-64,0.37,20
2083,Malta,2012,Y55-64,0.35,21
2084,Malta,2013,Y55-64,0.36,22
2085,Malta,2014,Y55-64,0.35,23
2086,Malta,2015,Y55-64,0.35,25
2087,Malta,2016,Y55-64,0.34,28
2088,Malta,2017,Y55-64,0.34,29
2089,Malta,2018,Y55-64,0.34,31
2090,Malta,2019,Y55-64,0.31,31
2091,Malta,2020,Y55-64,0.29,32
2092,Malta,2021,Y55-64,0.28,31
2093,Netherlands,2009,Y55-64,0.23,1094
2094,Netherlands,2010,Y55-64,0.22,1134
2095,Netherlands,2011,Y55-64,0.2,1189
2096,Netherlands,2012,Y55-64,0.19,1235
2097,Netherlands,2013,Y55-64,0.2,1270
2098,Netherlands,2014,Y55-64,0.2,1292
2099,Netherlands,2015,Y55-64,0.2,1346
2100,Netherlands,2016,Y55-64,0.2,1404
2101,Netherlands,2017,Y55-64,0.19,1473
2102,Netherlands,2018,Y55-64,0.19,1540
2103,Netherlands,2019,Y55-64,0.19,1614
2104,Netherlands,2020,Y55-64,0.18,1670
2105,Netherlands,2021,Y55-64,0.15,1707
2106,Poland,2009,Y55-64,0.21,1409
2107,Poland,2010,Y55-64,0.2,1574
2108,Poland,2011,Y55-64,0.2,1783
2109,Poland,2012,Y55-64,0.19,1924
2110,Poland,2013,Y55-64,0.2,2072
2111,Poland,2014,Y55-64,0.2,2208
2112,Poland,2015,Y55-64,0.18,2324
2113,Poland,2016,Y55-64,0.18,2375
2114,Poland,2017,Y55-64,0.19,2450
2115,Poland,2018,Y55-64,0.2,2428
2116,Poland,2019,Y55-64,0.21,2395
2117,Poland,2020,Y55-64,0.22,2428
2118,Poland,2021,Y55-64,0.24,2541
2119,Portugal,2009,Y55-64,0.17,546
2120,Portugal,2010,Y55-64,0.13,551
2121,Portugal,2011,Y55-64,0.11,541
2122,Portugal,2012,Y55-64,0.08,528
2123,Portugal,2013,Y55-64,0.11,550
2124,Portugal,2014,Y55-64,0.11,580
2125,Portugal,2015,Y55-64,0.1,623
2126,Portugal,2016,Y55-64,0.1,664
2127,Portugal,2017,Y55-64,0.12,736
2128,Portugal,2018,Y55-64,0.09,796
2129,Portugal,2019,Y55-64,0.1,823
2130,Portugal,2020,Y55-64,0.08,840
2131,Portugal,2021,Y55-64,0.1,910
2132,Romania,2009,Y55-64,0.22,805
2133,Romania,2010,Y55-64,0.19,789
2134,Romania,2011,Y55-64,0.18,792
2135,Romania,2012,Y55-64,0.2,839
2136,Romania,2013,Y55-64,0.2,869
2137,Romania,2014,Y55-64,0.21,911
2138,Romania,2015,Y55-64,0.2,886
2139,Romania,2016,Y55-64,0.2,937
2140,Romania,2017,Y55-64,0.21,957
2141,Romania,2018,Y55-64,0.22,969
2142,Romania,2019,Y55-64,0.24,985
2143,Romania,2020,Y55-64,0.22,970
2144,Romania,2021,Y55-64,0.22,968
2145,Sweden,2009,Y55-64,0.06,827
2146,Sweden,2010,Y55-64,0.06,823
2147,Sweden,2011,Y55-64,0.06,831
2148,Sweden,2012,Y55-64,0.07,832
2149,Sweden,2013,Y55-64,0.06,831
2150,Sweden,2014,Y55-64,0.05,830
2151,Sweden,2015,Y55-64,0.04,832
2152,Sweden,2016,Y55-64,0.04,844
2153,Sweden,2017,Y55-64,0.04,861
2154,Sweden,2018,Y55-64,0.05,887
2155,Sweden,2019,Y55-64,0.04,898
2156,Sweden,2020,Y55-64,0.04,915
2157,Sweden,2021,Y55-64,0.03,935
2158,Slovenia,2009,Y55-64,0.21,88
2159,Slovenia,2010,Y55-64,0.21,92
2160,Slovenia,2011,Y55-64,0.16,87
2161,Slovenia,2012,Y55-64,0.15,95
2162,Slovenia,2013,Y55-64,0.16,97
2163,Slovenia,2014,Y55-64,0.12,104
2164,Slovenia,2015,Y55-64,0.12,107
2165,Slovenia,2016,Y55-64,0.1,112
2166,Slovenia,2017,Y55-64,0.11,125
2167,Slovenia,2018,Y55-64,0.1,138
2168,Slovenia,2019,Y55-64,0.09,142
2169,Slovenia,2020,Y55-64,0.08,152
2170,Slovenia,2021,Y55-64,0.09,156
2171,Slovakia,2009,Y55-64,0.27,255
2172,Slovakia,2010,Y55-64,0.23,272
2173,Slovakia,2011,Y55-64,0.18,291
2174,Slovakia,2012,Y55-64,0.17,314
2175,Slovakia,2013,Y55-64,0.15,328
2176,Slovakia,2014,Y55-64,0.13,337
2177,Slovakia,2015,Y55-64,0.09,356
2178,Slovakia,2016,Y55-64,0.08,372
2179,Slovakia,2017,Y55-64,0.03,401
2180,Slovakia,2018,Y55-64,0.04,406
2181,Slovakia,2019,Y55-64,0.02,425
2182,Slovakia,2020,Y55-64,0.02,432
2183,Slovakia,2021,Y55-64,0.07,427
